formula,log_conductivity,predicted_conductivity
Li7SS7P2,-3.0038772,0.0009911122
Li6Cl6S4Ge3P,-3.352743,0.00044387134
Li5P4Cl7,-3.6123884,0.00024412465
Li7P6Br5Cl5,-3.7508547,0.0001774783
Li5S3Cl6ZrP3,-3.759656,0.00017391781
Li2PS2,-3.7841148,0.0001643937
Li7NP,-3.829331,0.00014813889
Li5SP,-3.878249,0.00013235827
Li6S3P,-3.8863986,0.0001298977
Li5S4Cl2S3,-3.9509072,0.0001119677
Li5P2ZrCl6,-3.9554012,0.00011081507
Li6N2P,-4.036692,9.189838e-05
Li5P4Br2,-4.106409,7.826921e-05
Li7P2S6,-4.108412,7.7909106e-05
Li6Cl4SGe3P,-4.185788,6.519463e-05
Li6Cl7P3,-4.194994,6.382723e-05
Li6Cl5S6Ge4P,-4.2135706,6.115464e-05
Li5S6Cl4S,-4.2259054,5.944216e-05
Li3Cl4LaN2,-4.2332797,5.8441357e-05
Li7BrP3,-4.2439647,5.7021065e-05
Li6Cl6S4GeLa4,-4.253724,5.5753982e-05
Li7Br2SiPP2,-4.286454,5.170658e-05
Li4Cl4S5,-4.2907,5.1203548e-05
Li7P5Cl3,-4.2934413,5.088136e-05
Li5Br4N6La2P7,-4.3031144,4.9760598e-05
Li3Br6LaGe,-4.317547,4.8134134e-05
Li5Cl5La2Br7,-4.3383055,4.5887515e-05
Li3La2Br3Cl5,-4.340019,4.5706794e-05
Li7S5Cl6Zr2P7,-4.360962,4.3555006e-05
Li7Br3S3P7,-4.364993,4.3152595e-05
Li5P4Ge2Cl5,-4.37541,4.212985e-05
Li6S6Cl5La,-4.378819,4.1800457e-05
Li3Cl4S2GeP2,-4.382434,4.1453968e-05
Li7Cl3S7Ge5P3,-4.391475,4.0599884e-05
Li6P2Ge,-4.3928814,4.046864e-05
Li4Br7La2Ge2,-4.3983774,3.9959734e-05
Li3SiCl5,-4.4328,3.691477e-05
Li7FP2,-4.4417744,3.6159767e-05
Li7Zr2Br5P5N2,-4.4432187,3.603971e-05
Li6P2F,-4.4504824,3.5441954e-05
Li5Cl5P3,-4.4515886,3.5351786e-05
Li6Cl7Br7La4,-4.4527287,3.52591e-05
Li2Br3LaCl2,-4.463097,3.4427296e-05
Li7P6Cl3,-4.469841,3.3896824e-05
Li7GeP5,-4.4775767,3.329839e-05
Li3S3Br4La2,-4.513257,3.067206e-05
Li2BrP2,-4.5216103,3.0087753e-05
Li4Zr2Br5P7N4,-4.532312,2.9355406e-05
Li6La2Br5N6,-4.546525,2.8410246e-05
Li4La3BrP3N5,-4.5530744,2.7985021e-05
LiBr4SiLa6Cl7,-4.5536575,2.7947468e-05
Li7ZrS6P7,-4.565072,2.7222495e-05
Li4PS2,-4.5656834,2.7184205e-05
Li6BrBr6LaP6,-4.570888,2.6860367e-05
Li3BrN2LaP,-4.576099,2.654001e-05
Li5P3Cl3,-4.595729,2.5367117e-05
Li6ClP3,-4.6044044,2.4865405e-05
Li7Br4N2La3P6,-4.610741,2.4505234e-05
Li5Cl6Cl5Ge2P3,-4.6178613,2.4106754e-05
LiLaBr5S3,-4.6197,2.4004908e-05
Li4P4Cl6Zr5P6,-4.633707,2.3243041e-05
LiBrCl4Zr5P4,-4.639538,2.2933069e-05
Li6Cl4La3N7,-4.639967,2.2910419e-05
Li4NSi2P2Cl4,-4.6413493,2.2837612e-05
Li7Al2BrP5N,-4.656969,2.2030834e-05
Li6Cl6P7,-4.6621633,2.1768912e-05
Li5N2La2Cl6,-4.6639204,2.1681015e-05
LiS2Br5La2,-4.6652136,2.1616552e-05
Li3S3Cl5Zr4P4,-4.676464,2.106376e-05
Li5Br5P4La4P4,-4.677676,2.1005053e-05
Li7P6S6Cl5,-4.6855607,2.0627152e-05
Li6S4Cl7ZrP5,-4.690821,2.0378811e-05
Li4Br7Si2La3P2,-4.6939435,2.0232825e-05
Li2N2SiLaCl5,-4.6941147,2.022485e-05
Li5SCl,-4.7051797,1.9716068e-05
Li7Zr3Br5P6N2,-4.7103963,1.9480662e-05
Li4Ge3Si2La4Cl4,-4.71299,1.9364674e-05
Li5Br5La3Cl5,-4.7254157,1.881847e-05
Li6La2Br7Cl4,-4.7290106,1.8663342e-05
Li4Br3P3,-4.7343154,1.843676e-05
Li7P7Br2,-4.7392335,1.8229153e-05
Li7P4Br6Ge,-4.7419934,1.8113675e-05
Li6P7Cl3Zr2P3,-4.746898,1.7910257e-05
Li4Br2Cl6Zr4P5,-4.750812,1.7749575e-05
Li5Br6SiLa2P,-4.7567906,1.7506905e-05
Li5Br3SiP4N2,-4.774227,1.6817943e-05
Li2S7Cl7Zr4P4,-4.803004,1.5739692e-05
Li6Br7SP3,-4.8091903,1.5517071e-05
Li7Br5F4La4P5,-4.817311,1.5229624e-05
Li2S7P4Ge2La3,-4.8234434,1.501608e-05
Li5Cl7P6Ge,-4.8283596,1.4847058e-05
Li7S3Cl6Cl2,-4.829264,1.4816166e-05
Li4P3Br5,-4.829764,1.4799128e-05
Li4La3Ge3N5Cl5,-4.833456,1.4673846e-05
Li6Br7P4,-4.83449,1.4638958e-05
Li5N3Ge5La5Cl6,-4.8435993,1.4335098e-05
Li3Br6Cl3Ge2,-4.844517,1.4304832e-05
LiPGeCl2,-4.8617015,1.3749867e-05
Li6Br2S7Ge4P6,-4.875243,1.3327749e-05
Li2Br5Ge2La5P5,-4.8767333,1.3282099e-05
Li3LaBr3P2N,-4.878327,1.3233451e-05
Li4La4Br6F2Cl7,-4.883302,1.3082712e-05
Li7Br7La2Ge4,-4.9027524,1.250972e-05
Li7Ge4LaCl7Br2,-4.911337,1.2264874e-05
Li5Al3Br2N2S7,-4.9220552,1.19658835e-05
Li3Br4P2,-4.928948,1.1777472e-05
Li7Cl4S3Zr7P4,-4.9320416,1.1693873e-05
Li5ZrBr5P4La2,-4.938803,1.151322e-05
Li3BrLaP,-4.939628,1.1491372e-05
Li2Zr4P3Br3Ge,-4.9522257,1.1162831e-05
Li2P3Br,-4.9527135,1.1150299e-05
Li6S7NP4,-4.9538193,1.1121944e-05
Li7Cl6SiGe4P,-4.957376,1.1031231e-05
Li6P6Br6N,-4.9632945,1.08819195e-05
Li7Cl6S6,-4.9716845,1.0673713e-05
Li4Cl5Zr3GeP6,-4.982512,1.0410893e-05
Li4Ge4Br7Cl6,-4.9895225,1.0244188e-05
Li6N2S,-4.9905133,1.0220842e-05
Li5Br4Br7P4N2,-4.991059,1.0208012e-05
Li5Br2S7,-4.9921713,1.0181897e-05
Li3Cl6S3La3P2,-4.9961457,1.0089143e-05
Li6Zr6Br6P7Al,-5.000414,9.990475e-06
LiLa4Br7PN3,-5.0011086,9.974505e-06
Li3LaCl7Zr3N,-5.00539,9.876654e-06
Li3S2Cl3,-5.0064807,9.851884e-06
LiBr3Cl5Zr5P2,-5.010675,9.7571965e-06
Li7P7Br6Cl,-5.0135193,9.693502e-06
Li4Br7Cl6La2,-5.017401,9.607244e-06
Li6Zr6Br5P7Br6,-5.0446405,9.023177e-06
Li2BrZrCl5,-5.0462527,8.989743e-06
Li4Br6Si4La4P5,-5.0468946,8.976467e-06
Li6S3Br2Cl7,-5.048209,8.949336e-06
Li4Br4P2Zr4Cl,-5.05282,8.854821e-06
Li2Ge2La5P7Br5,-5.0546513,8.817567e-06
Li7Br4P3Cl6,-5.061242,8.684761e-06
Li3La3Br6Si5,-5.0640473,8.628845e-06
Li5S7Br5P5,-5.0642877,8.624072e-06
Li5La3SiO2Cl6,-5.066756,8.575199e-06
Li5ZrCl7,-5.0763645,8.387557e-06
LiBr6La4Cl3,-5.087973,8.166329e-06
Li3Br7Si5La5P4,-5.08888,8.1492935e-06
Li2Zr4S4P5N4,-5.092949,8.0733e-06
LiLa2P7GeBr6,-5.0931673,8.069241e-06
Li5Br7Si3La4Al2,-5.095531,8.025443e-06
Li6GeN,-5.0964565,8.008358e-06
Li3Br3Ge2Cl6,-5.102209,7.9029805e-06
Li4Zr4Br3P6S3,-5.104055,7.869463e-06
Li3Br3SiLa5P7,-5.104555,7.860404e-06
Li2Br2Br5La4P7,-5.1077,7.803692e-06
Li7Br5S2GeP6,-5.114929,7.674866e-06
Li7Cl2Si2F2Br4,-5.114969,7.674166e-06
Li7S7Cl3Zr2P,-5.115835,7.658872e-06
Li2SiCl6La2,-5.118471,7.612527e-06
LiBr2P,-5.125227,7.495024e-06
LiP2Br4Cl3,-5.1262307,7.4777213e-06
Li6S3Br3Al,-5.1302347,7.409097e-06
Li3S2Br4P4,-5.1320252,7.3786136e-06
Li2LaCl6,-5.135845,7.3139977e-06
Li4S5S5La,-5.137315,7.2892894e-06
Li2NBr6La2Cl5,-5.139696,7.2494304e-06
Li4SiN3Cl6Br3,-5.14197,7.2115704e-06
Li6Cl6Br5La2,-5.153105,7.029027e-06
Li5P6S7Zr4Si3,-5.154309,7.009567e-06
Li2Br7S5LaP5,-5.1543617,7.008713e-06
Li6Br5S7P2O3,-5.163187,6.8677264e-06
Li7S3Br4OSi,-5.1648645,6.84125e-06
Li4Cl7Br5Si2,-5.1692877,6.771928e-06
Li3Zr4Cl2Ge3P3,-5.171814,6.73265e-06
Li6N4S4LaCl3,-5.1783133,6.6326447e-06
Li6N6La2GeS2,-5.179596,6.613084e-06
Li2La6P4Br6Cl3,-5.180147,6.604696e-06
Li4NSi2SCl6,-5.1807976,6.594812e-06
Li6La5Ge3Si6Cl7,-5.181835,6.579075e-06
Li2S7Zr5P4O3,-5.1833944,6.5554964e-06
Li6NP4,-5.186463,6.5093423e-06
Li5LaBr5P6,-5.1911464,6.4395217e-06
Li2Br3P2,-5.191563,6.4333453e-06
Li6S2GeF2,-5.191937,6.42781e-06
Li5P6Cl6Zr7,-5.1925364,6.418945e-06
Li6Br3Si2Zr4P3,-5.198762,6.327586e-06
Li7S5La2Zr6P7,-5.2060347,6.2225063e-06
Li5Zr3Br5P2La,-5.214572,6.1013798e-06
Li4SiP,-5.2217693,6.001097e-06
Li5Zr6S4P6,-5.225239,5.953347e-06
Li7S5Si3Zr7P6,-5.227628,5.9206823e-06
Li2Br5P3,-5.229723,5.8921937e-06
Li5Cl4Cl5,-5.23332,5.8435903e-06
Li6F6Br2N7La5,-5.236148,5.805667e-06
Li7Cl3P,-5.237548,5.786982e-06
Li7PCl3,-5.237548,5.786982e-06
Li2Zr3S3P4,-5.239713,5.758201e-06
Li7Al3Br7La,-5.23994,5.7551924e-06
Li3S5Br7La5,-5.2418237,5.7302864e-06
Li2Zr4LaCl2P,-5.2432566,5.711411e-06
Li4GeP,-5.243547,5.7075936e-06
Li7BrPCl3,-5.2446513,5.6930985e-06
Li7Br2La,-5.2473845,5.6573813e-06
Li7N4S3Cl7La5,-5.2475095,5.655754e-06
Li7ZrBr2N3N2,-5.250034,5.622975e-06
Li6Zr2S5P2,-5.25472,5.562625e-06
Li2ZrCl5,-5.2618346,5.472243e-06
Li7BrSi7La3P,-5.2623296,5.46601e-06
Li3P7Br3S3,-5.264942,5.4332268e-06
Li4Cl2La3N7,-5.265279,5.4290167e-06
Li6P6Zr6Ge7Br5,-5.267545,5.4007587e-06
Li2Zr3S4P4,-5.2694926,5.3765957e-06
Li2ClCl2,-5.271276,5.3545627e-06
LiCl7Br4La5,-5.2753305,5.304805e-06
Li5N4P6La6Ge4,-5.278309,5.2685505e-06
LiZr3Zr2PN3,-5.2807837,5.2386135e-06
Li5S3BrCl6,-5.288209,5.149808e-06
Li2Br5P7,-5.29157,5.1101047e-06
Li2Br3S3Ge,-5.2916856,5.1087472e-06
Li6PCl3,-5.296742,5.0496124e-06
Li2P4Br3Zr7Al7,-5.2987537,5.026275e-06
Li6Si2Cl,-5.3026805,4.981034e-06
Li2ClS2,-5.3028917,4.9786117e-06
Li5P6Cl7,-5.3054333,4.9495616e-06
Li7Cl2Ge2Ge2P7,-5.3083262,4.9167006e-06
Li5F2Cl3Zr3P7,-5.3119507,4.8758384e-06
LiLa7Ge2Cl7,-5.3204722,4.781099e-06
Li4Ge4LaBr3,-5.321741,4.767151e-06
Li4Ge4Cl2La2O5,-5.3236074,4.7467083e-06
Li3Br4Si7LaLa4,-5.324718,4.734586e-06
LiBr6P6,-5.3248606,4.733032e-06
Li7S7Cl2N5P5,-5.3265038,4.715158e-06
LiAlBr6Cl4,-5.336014,4.6130294e-06
Li2Si7La5Br3,-5.341624,4.5538236e-06
Li7Zr4Br4P6N,-5.3447127,4.5215493e-06
Li4S3Br4P6,-5.3487625,4.479582e-06
Li2Br5BrLa7P5,-5.351207,4.4544413e-06
Li3Si3Cl2ZrP,-5.352403,4.442187e-06
Li5Zr6P5Al5,-5.3537745,4.428182e-06
Li5SiF,-5.3559446,4.4061103e-06
Li6SCl5AlP6,-5.356056,4.4049784e-06
Li7Br3La4Ge6,-5.356294,4.4025655e-06
Li5SCl7Zr5P4,-5.3602657,4.362488e-06
Li5Cl5S7Ge5Zr3,-5.3603044,4.3621003e-06
Li7P2Zr4Cl3,-5.3606424,4.358706e-06
Li3Cl6LaLa,-5.36513,4.3139e-06
Li2S3Cl3ZrS,-5.373257,4.233922e-06
LiS7Ge2Zr4P4,-5.3736086,4.2304973e-06
Li4N6Si7La6Br4,-5.3785686,4.1824555e-06
LiBrLaCl3Zr7,-5.3799,4.169654e-06
LiP4Br5,-5.380911,4.1599596e-06
Li6La3P2F4S5,-5.3812156,4.157042e-06
Li2GeS2P3,-5.3835955,4.134324e-06
Li2SCl5Zr2Cl5,-5.3882294,4.0904456e-06
Li3Br6La4N,-5.3905253,4.068878e-06
LiGe3P6N2Zr7,-5.3911777,4.062771e-06
Li6Br3S4Ge3P5,-5.392112,4.0540417e-06
Li5La5P7Cl7,-5.3927064,4.048495e-06
Li2ClBrP6N,-5.394094,4.0355803e-06
Li7Zr4Si6Br3N6,-5.3955812,4.021784e-06
Li6Br6SiLa4Cl2,-5.4076376,3.9116717e-06
LiBr2P3,-5.409368,3.8961166e-06
Li5Zr2BrFN5,-5.4107227,3.8839826e-06
Li2Cl7Zr3N6,-5.4138975,3.855693e-06
Li3Br4Ge5La6Si4,-5.415237,3.84382e-06
Li4P3Ge4Cl5,-5.4180875,3.8186736e-06
Li6La3F7Zr3Ge5,-5.421573,3.788147e-06
Li3P7Br5Zr2,-5.4243426,3.7640673e-06
LiBr3S2Zr2,-5.4252405,3.7562932e-06
Li4PLa3N3Zr5,-5.426362,3.7466054e-06
LiLa3Br5,-5.426869,3.7422353e-06
Li2Br7Cl6La,-5.427272,3.738765e-06
Li7Br7Si5La6Cl,-5.4311023,3.7059344e-06
Li3N6Si3La4Br7,-5.4349484,3.673259e-06
Li5S7S6Ge2P7,-5.43675,3.6580536e-06
Li5S2Cl4,-5.437131,3.6548458e-06
Li7S6Cl4,-5.437551,3.6513122e-06
Li2Br4S6Al,-5.4376836,3.6501979e-06
LiOBr6La6,-5.440248,3.6287076e-06
Li6S7O4La4P4,-5.441464,3.6185622e-06
Li6Cl7Si4LaCl,-5.4444637,3.5936541e-06
Li7Cl5ZrN,-5.445156,3.5879295e-06
Li2Zr7S5P3,-5.4460487,3.5805626e-06
Li7La2Cl5Br5F4,-5.447265,3.5705477e-06
Li7Zr3S2PCl,-5.449335,3.5535702e-06
Li5Ge4F2Cl4P5,-5.4496846,3.5507114e-06
Li6S5Br6Ge2,-5.4507713,3.5418377e-06
LiBr6Si4La4S7,-5.4570704,3.4908376e-06
Li5Cl3S4,-5.458623,3.4783804e-06
Li3Zr3S2P4,-5.464264,3.4334923e-06
Li4Ge6La3Cl3,-5.466118,3.4188665e-06
Li6S4S5Zr7P,-5.4663043,3.417399e-06
Li3Zr5P4Al2,-5.466736,3.414005e-06
Li2Br3P5La7,-5.471286,3.3784243e-06
Li5Si2P3BrO,-5.477763,3.32841e-06
Li5P4Br4La5,-5.4802437,3.3094539e-06
Li4Cl4Ge2OBr,-5.48424,3.27914e-06
Li4Br6Si3La4,-5.485307,3.2710923e-06
Li4Ge5La7Br4Cl5,-5.4867315,3.2603818e-06
Li6BrSi4Zr6P7,-5.495031,3.1986676e-06
Li2Zr2S3Ge3P,-5.4999413,3.1627048e-06
Li3ClGe,-5.503881,3.1341444e-06
Li3S5Cl6Zr,-5.504466,3.129925e-06
Li4P3BrZr3,-5.506408,3.1159593e-06
Li7Cl4S3GeZr5,-5.5108614,3.084172e-06
Li3Zr6Si4Br5,-5.520274,3.0180458e-06
Li5S6Cl6Zr7S2,-5.5213776,3.0103877e-06
Li6PS2Cl2,-5.5214677,3.009763e-06
Li7S5Si3Zr3P5,-5.522288,3.0040846e-06
LiBr6Ge6La7P3,-5.5269074,2.9722994e-06
Li3Cl2La2Cl3,-5.5276527,2.967203e-06
Li4Si4P6Zr7,-5.528163,2.9637192e-06
Li3SiCl3,-5.5320106,2.9375783e-06
Li4Zr6S5Cl6,-5.541391,2.8748098e-06
Li7Ge6Br6P3N7,-5.5430956,2.8635477e-06
Li5P7Zr2O3,-5.543813,2.8588197e-06
Li4S4O3La4Cl6,-5.5446916,2.8530437e-06
Li2S2Cl4Zr3Al2,-5.550286,2.8165286e-06
Li4N4Br5Si7La,-5.5503106,2.816368e-06
Li7N5Br2,-5.5510454,2.8116067e-06
Li2Zr2NS5,-5.555219,2.7847154e-06
Li7S5PLa2,-5.5581784,2.7658052e-06
Li4Br2Br6P7N4,-5.5586486,2.7628125e-06
Li6Zr4Br3P3Al,-5.5599008,2.754858e-06
Li7P3S6Ge5Zr,-5.5601106,2.7535275e-06
Li2Zr5S2P6,-5.561062,2.7475028e-06
Li7NClAl2S,-5.5611124,2.747183e-06
LiZrBr5PN4,-5.561129,2.7470774e-06
Li3Br6Si6La4N6,-5.565039,2.7224557e-06
Li5N2Cl7,-5.565722,2.7181788e-06
Li7FLa2P6N7,-5.569794,2.6928108e-06
Li7S4Cl6La6P4,-5.5701613,2.690535e-06
Li7S2BrCl5,-5.5732055,2.671742e-06
Li5S4Zr4Zr6P4,-5.578362,2.6402072e-06
Li4S5LaN4,-5.5806913,2.6260843e-06
LiO3La3Ge5Br2,-5.583513,2.6090788e-06
Li3Cl6Zr2N,-5.583861,2.6069886e-06
Li4S4O5Zr7P6,-5.5853844,2.5978593e-06
Li2ZrLa2P7N5,-5.5866137,2.5905165e-06
Li2Si2N3La2Br2,-5.5884366,2.5796655e-06
Li2Zr4La3S4Br,-5.5914316,2.5619365e-06
LiS6Cl7Zr5N4,-5.5914845,2.5616243e-06
Li6Br4La5P4,-5.593462,2.5499874e-06
Li7Br7Zr6P5Cl6,-5.594334,2.5448717e-06
Li6Ge3Cl6Al5,-5.594419,2.5443742e-06
Li7Zr5O3P2,-5.5968122,2.5303916e-06
Li7Ge3Al3Cl5,-5.6069965,2.4717438e-06
LiAl2BrCl5,-5.6094503,2.4578176e-06
Li7GeP3La4Zr4,-5.610089,2.4542069e-06
Li7Cl4P2Al2,-5.615695,2.42273e-06
Li7Br2N4Cl6,-5.617825,2.4108765e-06
Li6La5Br7N5,-5.622131,2.3870919e-06
Li4Br5La6N3Ge4,-5.625872,2.3666164e-06
Li4La6Br7Cl4,-5.626852,2.3612827e-06
Li7Br7P4Ge6,-5.6279116,2.355529e-06
LiCl5Zr,-5.6315694,2.335773e-06
Li6S6Ge2La,-5.636535,2.3092175e-06
Li7Zr5Br6P3,-5.6380386,2.3012371e-06
Li5Cl4Br2Ge6P,-5.638757,2.2974325e-06
Li3Zr2S5Br5,-5.638906,2.2966458e-06
Li4Cl3N2,-5.6452775,2.2631978e-06
Li6S3P4,-5.651463,2.2311922e-06
Li3Br4La5Ge5,-5.6536446,2.2200127e-06
Li7Cl3SN,-5.6573367,2.201219e-06
Li5LaBr4Si4,-5.6607976,2.1837475e-06
Li4Cl2S3,-5.661788,2.1787732e-06
LiZrBr3P6Al,-5.662233,2.1765425e-06
Li7Br4P3La5Zr7,-5.662747,2.1739677e-06
Li3Si2Br2P3N,-5.6631823,2.1717897e-06
Li7O3Br4Zr,-5.6657643,2.1589155e-06
LiONBr5P7,-5.669713,2.1393753e-06
Li7Zr6La3P6Br,-5.6700687,2.1376238e-06
Li2Ge6FZr3La,-5.673495,2.1208268e-06
Li7BrZrCl6,-5.674077,2.1179853e-06
Li4Br7F3P7Al2,-5.674207,2.1173507e-06
LiS4N5Zr3P2,-5.6746025,2.1154244e-06
Li5Al2Br2,-5.6757636,2.1097762e-06
Li7Ge4Cl6,-5.6757956,2.109621e-06
Li6O2Br3Cl5,-5.6762953,2.1071949e-06
Li3Cl3Zr2O2N3,-5.677118,2.1032079e-06
Li6Br4La5S4,-5.6774387,2.1016542e-06
Li4P7Br4Cl7,-5.6775336,2.1011952e-06
Li2Zr2BrS3,-5.683262,2.0736627e-06
Li7S5Cl6Zr6N7,-5.6852236,2.0643172e-06
Li5S5Si3Cl7Ge2,-5.6878977,2.0516454e-06
Li7LaBr2Ge6F4,-5.6942897,2.0216703e-06
Li6LaCl2,-5.695057,2.018102e-06
Li7Br6Ge7Cl3,-5.699073,1.9995264e-06
Li2Zr5Si5N3S7,-5.700616,1.9924348e-06
Li3Zr3Br3Al2Cl6,-5.7010417,1.9904821e-06
Li5N2Cl4,-5.7017794,1.9871043e-06
Li6S2Cl7P6P,-5.7028813,1.9820686e-06
Li7La3Br2NP,-5.704538,1.9745228e-06
LiZr2Ge2La4Si5,-5.704976,1.9725314e-06
Li2Zr2SiS5,-5.706485,1.965691e-06
Li5NO,-5.707072,1.9630359e-06
Li4S7P6F2Ge2,-5.708751,1.9554593e-06
Li6P5Cl2Zr4,-5.7088923,1.954824e-06
Li5Zr7P3S,-5.7135406,1.9340132e-06
Li5Al2ZrOP7,-5.714116,1.9314518e-06
Li2BrN2,-5.714399,1.9301947e-06
Li6S7ClZr6,-5.716962,1.9188371e-06
Li3La4Zr5P3,-5.7184634,1.9122144e-06
Li2S2Cl5La3,-5.726448,1.877379e-06
Li4Br4SiF2P5,-5.7297187,1.8632937e-06
Li2La7Zr6Al6S4,-5.730682,1.8591658e-06
LiLa4Br5Al3,-5.733328,1.847873e-06
Li2S5Cl5Zr6S,-5.73408,1.8446763e-06
Li2S5BrLa6,-5.7346663,1.8421867e-06
Li6P4La5Zr7N3,-5.7386074,1.8255452e-06
Li4O5F5La3Ge3,-5.7392693,1.8227653e-06
Li2S4Br4Cl5Zr,-5.7402396,1.8186971e-06
Li7Ge2O,-5.7464256,1.7929756e-06
Li7S4Br6Si2,-5.7491,1.7819675e-06
Li5Br2Al4Cl5,-5.7493014,1.7811421e-06
Li5P4S3,-5.753258,1.764988e-06
Li2P4Br2La7,-5.756495,1.7518826e-06
Li7Cl6Ge5,-5.7582493,1.7448203e-06
Li4Zr4LaP4,-5.759075,1.7415055e-06
Li6Cl4S5Zr5,-5.7597,1.7390024e-06
Li3P7Ge2OBr5,-5.762331,1.7284984e-06
Li7LaP6,-5.76402,1.7217894e-06
Li2GeLa2P4,-5.766222,1.7130814e-06
Li4Cl7La6Ge,-5.7677193,1.7071856e-06
Li6GeBr2Cl6,-5.7704506,1.6964826e-06
LiBr5Si5La3P4,-5.7743716,1.6812348e-06
Li7S4Si6La6Ge3,-5.7771063,1.6706817e-06
Li4Zr3Ge4LaF3,-5.7779965,1.6672604e-06
Li4Zr7Br7Zr6N2,-5.7785926,1.6649739e-06
Li6PAl4O4Zr7,-5.779318,1.6621957e-06
LiP5Br6Cl6,-5.779782,1.6604208e-06
Li4S3Si7La5Ge,-5.78152,1.653789e-06
Li6Br5Ge5S2,-5.7842784,1.643318e-06
Li3SBr5SiZr5,-5.787938,1.6295282e-06
Li4Al4Ge2La3Zr7,-5.7918744,1.6148255e-06
Li3SBr7La6,-5.792249,1.6134325e-06
Li3PO2Ge,-5.7929354,1.6108853e-06
Li3Zr3Br7Cl4N2,-5.7957344,1.6005365e-06
Li6Ge5Cl7La6,-5.7969594,1.5960284e-06
Li2Br2P,-5.7977953,1.5929594e-06
Li4La2Ge7F6,-5.7995024,1.5867103e-06
LiLaCl5Zr3F2,-5.801775,1.5784289e-06
Li3Br4P7Cl6,-5.815738,1.5284871e-06
Li6AlF7La3Cl4,-5.8168063,1.5247326e-06
Li2La6Cl5Zr2P3,-5.8199096,1.5138764e-06
LiGe3Br5Zr3,-5.8296213,1.4803986e-06
Li3Cl6P,-5.8304496,1.477578e-06
Li5Zr6La6N5Br,-5.83091,1.4760117e-06
Li5Br5La3Al6,-5.833461,1.4673685e-06
Li2Zr6N6Cl4Al,-5.8338614,1.4660158e-06
Li2La3N3P4,-5.833951,1.4657132e-06
Li3S2O4Zr5P5,-5.834539,1.4637303e-06
LiSLa2Cl6,-5.8359327,1.4590403e-06
Li5Zr4P3AlLa3,-5.8400764,1.4451854e-06
Li3PAl,-5.841923,1.4390529e-06
Li5Br4La6Ge5,-5.8437424,1.4330377e-06
Li3Ge6Si5La6P,-5.8471174,1.4219443e-06
Li3LaGe7Zr2,-5.8472257,1.4215899e-06
LiClLa7Br6,-5.8484344,1.4176387e-06
Li3Zr7Zr4P2N4,-5.851219,1.4085778e-06
Li4Zr4Br3La2N6,-5.8522577,1.4052133e-06
Li6S2Cl7Br3,-5.8530197,1.4027501e-06
Li5La3Zr7Cl5,-5.854739,1.3972071e-06
Li7Cl5Si4,-5.85546,1.3948896e-06
Li7Zr4Al7P4,-5.857242,1.389178e-06
LiFLa4Zr6Al4,-5.8609996,1.3772108e-06
Li2FCl2Zr5P4,-5.8610396,1.3770838e-06
Li2Ge3Al6La4F7,-5.8613925,1.3759653e-06
Li5LaZr6O3S5,-5.8630285,1.3707918e-06
Li6OPGe7Cl3,-5.8674245,1.3569864e-06
Li4Ge5Br2Cl,-5.873195,1.3390747e-06
Li5Si3Cl2OGe3,-5.873778,1.3372793e-06
Li6Br7N3,-5.8745985,1.3347549e-06
LiLa3SiBr3N6,-5.8752236,1.3328349e-06
Li5FLa6Cl7P6,-5.875585,1.3317261e-06
Li7S6LaGe7,-5.876118,1.3300925e-06
Li7Ge6Si3La2P5,-5.8774004,1.3261712e-06
Li6Br7P5Ge4,-5.877575,1.3256384e-06
Li5Zr6La3FSi6,-5.8786917,1.322234e-06
Li4Al5Zr3P,-5.879158,1.3208149e-06
Li6P2Ge5,-5.8827233,1.3100162e-06
Li2Al2ZrP,-5.885883,1.3005204e-06
Li4Zr6NP3,-5.886132,1.2997751e-06
LiBr5Cl6Ge4,-5.892343,1.2813181e-06
Li4S3N,-5.892574,1.2806373e-06
Li4Zr4BrAl2N7,-5.8929014,1.2796718e-06
Li5Cl2Ge5N3,-5.893837,1.276918e-06
LiO3Br3Zr6,-5.89906,1.2616539e-06
Li4S5Br7Al4,-5.900564,1.257291e-06
Li4N3Si4La2P4,-5.9007335,1.256801e-06
Li7Br2F2Ge2,-5.900866,1.2564175e-06
Li4Ge5Cl3,-5.9034586,1.2489395e-06
Li5Ge6La4S,-5.9046803,1.2454312e-06
Li4P4N4Br,-5.9066,1.2399381e-06
Li2SCl,-5.9069076,1.2390603e-06
Li5S7Ge4La,-5.909287,1.2322903e-06
Li2N5Cl5La4,-5.909945,1.2304246e-06
Li5Ge6Br6,-5.910099,1.2299882e-06
Li3S6Cl2Br4P6,-5.910143,1.229864e-06
Li2S7ClZr,-5.910266,1.2295156e-06
Li7Si2Cl6,-5.9105806,1.228625e-06
LiBrLa4Ge4,-5.9109674,1.2275315e-06
Li5Cl6N3,-5.916942,1.2107595e-06
Li2Ge7La7S4N3,-5.921266,1.1987646e-06
Li6PZr3N4,-5.9214892,1.1981488e-06
LiLa4Ge5,-5.921866,1.19711e-06
LiCl2La6Ge2,-5.921969,1.1968261e-06
Li5Zr2SiP6,-5.9232883,1.1931957e-06
Li4P2OS5Cl4,-5.9257665,1.1864065e-06
Li4Si6Cl3La2P,-5.9267473,1.1837301e-06
LiS2BrZr3,-5.927106,1.1827531e-06
Li2Br2P2La5Ge,-5.927188,1.1825298e-06
LiLa5Br3Cl2,-5.930484,1.1735895e-06
Li7SBr7P3N6,-5.9330463,1.1666851e-06
Li4OSi4Zr3,-5.93448,1.1628396e-06
LiAl3Br7Cl2,-5.9369717,1.1561876e-06
Li6Cl5La3O,-5.937279,1.1553692e-06
Li5S7Br3Cl6,-5.93752,1.1547287e-06
LiS2N3La,-5.937927,1.1536478e-06
Li3P3Zr4,-5.9395723,1.1492848e-06
Li4Si6Cl6La5,-5.941209,1.1449622e-06
Li5Cl3LaS,-5.9412155,1.1449446e-06
Li5SiS7P6,-5.9443274,1.1367702e-06
LiLa3S5P3,-5.947622,1.1281794e-06
LiN6S3La6Cl5,-5.9493647,1.123661e-06
LiZr2Br5La4,-5.954794,1.1097012e-06
LiZr4S5Si2,-5.954975,1.1092384e-06
Li5N6Zr2Cl7Br,-5.955089,1.1089473e-06
Li2SCl2N,-5.9551306,1.1088414e-06
Li6Zr4O3P4,-5.956513,1.1053176e-06
Li7Zr7Zr3P2,-5.956686,1.1048771e-06
Li6Zr6La7BrGe5,-5.957531,1.1027296e-06
Li2ZrBr6Br6N6,-5.9584775,1.1003289e-06
Li5Zr2Br3Ge7N5,-5.9610286,1.0938844e-06
Li5N6Si6La3O4,-5.962094,1.0912046e-06
Li5Ge7La3,-5.963961,1.0865228e-06
Li3Al4Ge5Zr7S7,-5.965216,1.0833876e-06
Li3S4Cl5Zr6,-5.965719,1.0821334e-06
Li5P5S7Cl2,-5.965823,1.0818743e-06
Li6Cl4La4Br3,-5.965912,1.0816534e-06
Li3Zr7Si5La5Cl5,-5.969237,1.0734038e-06
Li5Ge3PBr2Al2,-5.969252,1.0733661e-06
Li5La5Si6GeN3,-5.9724617,1.0654628e-06
Li4Br3SN2,-5.973557,1.0627791e-06
Li6Ge5P3,-5.9761114,1.0565465e-06
Li6P3Ge5,-5.9761114,1.0565465e-06
Li5SCl2,-5.976385,1.0558808e-06
Li4Ge5La6N6,-5.977714,1.0526547e-06
Li4P2ZrN4,-5.9791293,1.0492299e-06
Li7S7Cl2Zr4,-5.9799404,1.0472722e-06
Li5Br5Cl3La4,-5.979987,1.0471596e-06
Li6P7Cl3,-5.9803,1.0464056e-06
Li5Cl2S2Ge5P6,-5.981579,1.0433288e-06
Li4O4La3N7,-5.9822865,1.0416302e-06
Li3Ge5La,-5.9844546,1.0364429e-06
Li2SBrLa2,-5.9852123,1.0346362e-06
Li3P7Br2F3,-5.9855027,1.0339446e-06
Li5Ge4La2Ge5,-5.9859424,1.0328985e-06
Li5Cl2Ge3,-5.9866514,1.0312135e-06
Li7Ge5P3,-5.9888325,1.0260477e-06
Li6Si3Zr6Al6N7,-5.994132,1.0136032e-06
Li5Br3SiCl5,-5.9953594,1.0107426e-06
LiZr3P3Al4Cl3,-5.9984593,1.0035538e-06
Li2Zr5Br3,-5.9986486,1.0031165e-06
Li6Cl6Ge5Si5,-5.9989643,1.0023876e-06
Li7La4O2S6Zr5,-6.000642,9.985232e-07
Li3N6Zr6Br4S3,-6.0006747,9.984476e-07
Li3N2P3,-6.0023336,9.94641e-07
Li7N3Si5La3Ge4,-6.00581,9.867116e-07
Li3Cl6Zr7N6,-6.0075455,9.82776e-07
Li3Br7S7Ge6,-6.0091076,9.792474e-07
Li4Br3La,-6.0112605,9.74405e-07
Li2Br3La7Zr6,-6.0124598,9.71718e-07
Li6BrS6Zr7,-6.0134673,9.694662e-07
Li2ClGe3,-6.01399,9.683004e-07
LiP4Si7Zr7,-6.014141,9.679634e-07
Li5S7P6La5,-6.0146885,9.667441e-07
Li3Ge7N4La5,-6.0180516,9.592866e-07
Li3Zr5Br4S,-6.018249,9.588506e-07
Li6La7N2Zr7Cl2,-6.018463,9.583781e-07
Li2Br7N3,-6.019541,9.56003e-07
Li3GeBr4,-6.022153,9.502702e-07
Li3N5Si4La4Zr,-6.023402,9.475405e-07
Li4O4N3Zr6P7,-6.0238295,9.466088e-07
Li7N6Al2La4Cl4,-6.024035,9.46161e-07
LiGeP6La3,-6.024197,9.458078e-07
Li4Cl6Ge7Br7,-6.0287647,9.3591257e-07
Li7N4S5Si4Br3,-6.031038,9.310268e-07
Li7La3Si5F4Zr2,-6.0338054,9.2511266e-07
LiN4Zr3S6,-6.038173,9.158552e-07
Li3Br6Al5Cl6,-6.0426097,9.06547e-07
Li6Si6Cl7,-6.0468626,8.9771277e-07
Li5F6N6Si5Zr7,-6.046964,8.9750284e-07
LiLaS2Ge2P6,-6.047058,8.973087e-07
Li7Br2S7,-6.051848,8.874667e-07
Li4Zr3Br3La4Ge4,-6.0550275,8.809931e-07
Li7P4Br5P6N7,-6.060288,8.703863e-07
LiBr2La7Ge2,-6.0622125,8.6653785e-07
Li6S5Cl3Zr7Al4,-6.063068,8.6483266e-07
Li4Zr4Br7Si6N3,-6.0635753,8.6382295e-07
Li5Br3Si7ClP4,-6.0640817,8.628163e-07
Li5Ge2AlBr3S5,-6.0657682,8.5947204e-07
Li2Si3FGeZr3,-6.0672197,8.5660434e-07
Li2S7Cl7Zr2Al,-6.0689087,8.532795e-07
Li2FZr7Al2Br2,-6.0707965,8.495785e-07
Li6La2P5,-6.0709577,8.4926324e-07
LiLa4Zr5Al6,-6.07216,8.469158e-07
LiNP6La4Cl2,-6.077441,8.3667885e-07
Li3ClBr3Zr6La2,-6.0778136,8.359617e-07
Li5Br6Zr6Ge,-6.079481,8.3275813e-07
Li2La2Br5Cl5O4,-6.0799966,8.317703e-07
Li5Cl6P7Si6Br7,-6.0816517,8.2860646e-07
Li4La2Si7Cl5,-6.082828,8.2636507e-07
Li5Cl2P4N3,-6.085781,8.2076514e-07
Li3S4Cl6N2,-6.0859733,8.204021e-07
Li7Zr7Br2PN5,-6.08672,8.1899265e-07
Li7S4Br,-6.0871143,8.1824936e-07
Li4Al6Zr5F3,-6.0887985,8.1508233e-07
Li4S3Zr4Ge7,-6.0888143,8.150528e-07
Li3Br3La2N2,-6.089622,8.1353824e-07
Li3P5O5Br3,-6.089823,8.131623e-07
Li7Ge2Br6,-6.089968,8.1289005e-07
LiCl4O6Zr7Si7,-6.0908704,8.112031e-07
Li6Si7Cl7,-6.094291,8.048386e-07
Li4Cl5Ge7,-6.0960517,8.0158264e-07
LiSiBrPN,-6.0986185,7.96859e-07
Li6Br3Cl2Ge2,-6.1027284,7.893537e-07
Li4Si2GeLa2,-6.1028337,7.891622e-07
Li7P7Ge6,-6.1040735,7.8691255e-07
Li2La3Cl5Zr7F3,-6.1049504,7.8532526e-07
Li3O4La3S6Si7,-6.107144,7.813689e-07
Li6Cl6Cl7,-6.107239,7.811982e-07
Li6S4Br2F,-6.1090293,7.779841e-07
Li3Zr4S5La,-6.112123,7.7246176e-07
Li3ClGe4,-6.1130133,7.708799e-07
Li4Ge3La2,-6.115148,7.670999e-07
Li5S5P6La4,-6.1156273,7.6625395e-07
Li3Cl6P4,-6.1169233,7.6397066e-07
Li4Cl3S6Ge5S3,-6.1170626,7.637257e-07
Li6SS6P4,-6.11764,7.6271095e-07
Li3Cl5S3,-6.118642,7.609535e-07
LiN5Zr3,-6.1212316,7.564295e-07
Li3Zr2P4,-6.122126,7.54873e-07
Li7P6N,-6.1250243,7.4985223e-07
Li4BrSi6Cl,-6.1255274,7.489841e-07
LiZr4Br2,-6.133389,7.35548e-07
Li4P4Si2N5La3,-6.1334057,7.3551973e-07
Li6ClP6,-6.137087,7.2931164e-07
Li6Cl7F,-6.1372776,7.289914e-07
Li2Br5La5P,-6.1380105,7.277622e-07
Li6Al3SBr,-6.1403394,7.238701e-07
Li7Al4SiLa4P6,-6.141642,7.21702e-07
Li7Si4Br,-6.1417317,7.21553e-07
LiS5Br6Al3,-6.145478,7.15356e-07
Li2ZrS7,-6.1454873,7.153403e-07
Li7Si7Al2Br4,-6.1456733,7.1503405e-07
Li4Br3La4La3P3,-6.1460185,7.144659e-07
Li5Cl2O2Ge5P3,-6.1460505,7.144133e-07
Li3P5Zr3,-6.1488194,7.0987284e-07
Li4Br4La3N3,-6.1490474,7.0950034e-07
Li5Si6Br4Cl5,-6.150036,7.0788735e-07
Li5S3Br5Zr2,-6.1514015,7.0566483e-07
Li4NGeLa7Cl6,-6.15663,6.972202e-07
Li5SiN3Br7,-6.159703,6.923046e-07
Li3La3S2Cl4,-6.163369,6.864846e-07
Li3P6Zr4,-6.1636615,6.8602276e-07
LiZr5S5,-6.163793,6.858149e-07
LiOSi3Zr7,-6.1638207,6.857712e-07
Li5P2P3Cl,-6.1689653,6.776956e-07
Li2SCl2ZrLa,-6.171708,6.734291e-07
Li5NSi2LaGe5,-6.171904,6.7312527e-07
LiBr5Ge3Zr,-6.1721506,6.727433e-07
LiLa7Br5N,-6.1736383,6.7044266e-07
Li6Br4Cl5La7,-6.173852,6.7011297e-07
Li3SBr7La7,-6.177943,6.6382984e-07
LiLa3F5Ge7,-6.1795115,6.6143696e-07
Li2La5Br4La7,-6.1800566,6.606074e-07
LiLa2PCl7,-6.1805735,6.5982164e-07
LiPZr,-6.1815085,6.584025e-07
LiZrP,-6.1815085,6.584025e-07
Li4Zr3P3FSi7,-6.1840844,6.5450894e-07
LiZrZr4P7N3,-6.188086,6.4850593e-07
Li3OZr6S,-6.18931,6.4668075e-07
Li6P3Si4La3P,-6.1906443,6.4469714e-07
Li5Cl4La,-6.19294,6.4129785e-07
Li7La7S4Zr3Ge,-6.1931863,6.409346e-07
Li6Zr6S3S7,-6.1936727,6.402172e-07
Li6P7Br2Ge5,-6.194805,6.385499e-07
Li2Ge5Zr5,-6.1951585,6.380306e-07
Li7Br6Si2La4F3,-6.195188,6.3798717e-07
Li2N5Br6Zr3F,-6.201282,6.2909754e-07
Li2Zr3Br7,-6.201751,6.284182e-07
Li7Cl6O,-6.201757,6.2840996e-07
Li5P4Br4F2,-6.2021866,6.277886e-07
Li6O2La2N3,-6.2031784,6.263565e-07
LiClZr3,-6.2089643,6.1806713e-07
Li3Cl7Br2,-6.209199,6.1773335e-07
Li6Al5Br5Cl3,-6.210368,6.1607255e-07
Li4Br5Br4P6N7,-6.210646,6.156783e-07
Li5Br6S5Ge5,-6.211082,6.1506074e-07
LiZrGe2,-6.2140923,6.1081226e-07
LiS2Al2Zr3,-6.218056,6.052625e-07
Li7P4Ge7S4O3,-6.2182784,6.0495296e-07
Li7P6Br6Al7,-6.2208395,6.013959e-07
Li6Ge6Cl5,-6.2234373,5.9780933e-07
Li2Zr5Br3NO4,-6.223929,5.97133e-07
Li7S7Cl6La6,-6.224673,5.961111e-07
Li4La6Br6Zr3,-6.231906,5.862651e-07
Li4Br3Si7Cl6P4,-6.231953,5.862014e-07
Li6S4Br3Ge7,-6.23488,5.8226414e-07
Li5Cl7Si7,-6.236873,5.7959795e-07
Li2La7Br6La6,-6.2370505,5.7936126e-07
Li6Cl6Si7,-6.2371864,5.7918004e-07
Li3Zr4P7Al3,-6.237191,5.791737e-07
Li6La4Ge3Cl,-6.2395973,5.7597373e-07
Li7Zr2Br6Al6N,-6.240075,5.7534044e-07
Li5S4BrP4N6,-6.240334,5.749975e-07
Li5Al3Cl5,-6.2409844,5.74137e-07
Li5Zr3S5N4,-6.2422204,5.725054e-07
Li7Zr2Ge,-6.243292,5.7109474e-07
Li7La2Ge7,-6.24408,5.7005917e-07
LiN6Ge5La3Cl6,-6.2448864,5.6900177e-07
Li6Al2Br7La7,-6.2461715,5.6732057e-07
Li2Ge5Br4Cl2,-6.25197,5.597965e-07
Li4Si6Br3,-6.252546,5.590545e-07
Li3N3Si2LaZr6,-6.253121,5.5831475e-07
LiBr5P,-6.2531233,5.583117e-07
Li4BrLa3Br4,-6.2578044,5.523261e-07
Li4La3Br5,-6.2578044,5.523261e-07
Li6LaGe5N3,-6.258091,5.519618e-07
Li6Zr7Cl4La7,-6.258253,5.517558e-07
Li7S3Br6S7,-6.258378,5.515971e-07
Li5Zr6Ge2Si7,-6.260114,5.493964e-07
Li6Zr6Cl7P,-6.260948,5.4834237e-07
Li6La2Cl7,-6.2642927,5.441358e-07
Li2N4Zr7Al5,-6.265216,5.429804e-07
Li5S4N2,-6.2686477,5.387066e-07
Li7Br3Al5Cl,-6.26892,5.38369e-07
Li7Ge7Cl5,-6.2691383,5.3809833e-07
Li5Br4Zr7Al3,-6.2705603,5.363394e-07
Li6La5Cl6Zr3P2,-6.273329,5.3293127e-07
LiS5Cl5Zr7O7,-6.2752957,5.3052304e-07
LiCl7Zr4Ge7S7,-6.277984,5.272491e-07
LiLaS2O5Zr3,-6.2816687,5.227949e-07
Li2Zr3SiCl2La5,-6.282173,5.22188e-07
Li2Zr2Br3Al3N4,-6.2822347,5.2211396e-07
Li5Cl5S7ClP,-6.282989,5.212079e-07
Li3Zr5Br6Cl2,-6.2830386,5.2114837e-07
Li7O3Ge5P,-6.283949,5.200572e-07
Li7Cl4LaSN7,-6.285248,5.185041e-07
Li7Si7P3,-6.2894654,5.1349303e-07
LiZr3S7Al3,-6.292493,5.09926e-07
Li4P7La2Zr,-6.293605,5.08622e-07
LiZr5Si2Al6Br2,-6.294735,5.0730023e-07
Li7Ge5La,-6.297221,5.0440434e-07
Li5ClP7,-6.297749,5.037916e-07
Li4Si2Br,-6.2986083,5.0279584e-07
Li3Zr2P,-6.299826,5.013879e-07
Li7Al6Br6,-6.3034015,4.972772e-07
Li7Cl5N5Zr6,-6.3046513,4.958482e-07
Li5ClS4Ge6O2,-6.3057055,4.946459e-07
Li7Zr4AlBr5,-6.3061514,4.941384e-07
Li7Al6Cl5Zr6,-6.306263,4.940115e-07
Li5Si6S3Br6P7,-6.311425,4.881742e-07
LiAl2PZr,-6.311773,4.8778355e-07
Li3GeZr5La4,-6.3129644,4.8644705e-07
Li7SBrSi3,-6.313087,4.863098e-07
Li7Ge5S6N3,-6.3164163,4.82596e-07
Li7Cl4Br4N,-6.318303,4.805039e-07
Li2Zr2Ge4S7,-6.3195057,4.791752e-07
Li5Si7Zr5,-6.3215356,4.769407e-07
Li7La6Zr5Cl4,-6.322263,4.7614282e-07
LiPLaGe7,-6.322601,4.757723e-07
Li7La2Al6S6N5,-6.3237095,4.7455933e-07
Li7P6Al,-6.3240952,4.7413798e-07
Li7Si2La,-6.331599,4.6601593e-07
Li5Ge3Br,-6.3331532,4.643514e-07
Li6NLa,-6.3333216,4.6417145e-07
Li5Si2La2P7,-6.33471,4.6268974e-07
LiP6Br2Cl2,-6.336442,4.6084833e-07
Li7Si2La3Ge6,-6.337616,4.5960425e-07
Li5S3Zr3La3,-6.3381724,4.5901572e-07
Li7P2Zr6,-6.340617,4.5643907e-07
Li2BrLa2Zr4,-6.3424864,4.544788e-07
Li7Br5S4Si4,-6.343215,4.5371695e-07
Li3Si4Cl,-6.345008,4.5184774e-07
Li2P6LaCl3,-6.345699,4.5112944e-07
Li5Zr3Al3P7,-6.346829,4.4995704e-07
Li7N7P4Si5Zr,-6.347473,4.492901e-07
Li4Si4O2Ge,-6.3483057,4.4842963e-07
LiOClZr7La4,-6.3503017,4.4637335e-07
Li6Cl7AlSiLa3,-6.3513627,4.452842e-07
LiBrNAl2,-6.3514705,4.4517373e-07
Li6P3La3S,-6.351478,4.451659e-07
Li5O6Si7La5Cl2,-6.3544326,4.4214775e-07
Li3Si5Br3Cl2,-6.3578606,4.3867152e-07
Li2LaAl4Cl7,-6.361479,4.3503198e-07
Li5Cl3S3N7P2,-6.3618755,4.3463476e-07
Li4S5La7Zr5,-6.3645663,4.3195018e-07
LiS6Br7,-6.3663025,4.3022686e-07
Li2P3Zr2Al3,-6.3700714,4.265094e-07
Li4S5La3Al4Cl4,-6.3741374,4.2253492e-07
Li5Al5Cl3,-6.374408,4.2227194e-07
Li3SBr4N4,-6.375266,4.2143822e-07
Li3NLa6ZrCl6,-6.376697,4.200519e-07
Li3ClLa2Si6,-6.3791842,4.1765315e-07
Li3Br5Ge4Ge6,-6.3794427,4.1740466e-07
Li6S5P6,-6.3878574,4.0939503e-07
Li7Br5Si5,-6.3884296,4.0885598e-07
Li4N7Cl6Zr2Ge6,-6.3916283,4.058558e-07
LiBr7La3La7,-6.3944936,4.031869e-07
Li5Al6Ge3SiCl3,-6.397062,4.0080965e-07
Li7Zr2ClGe7Al3,-6.3992167,3.988259e-07
Li6O5SGe5P5,-6.39985,3.982448e-07
Li7P2Si6S6,-6.402835,3.9551696e-07
Li3GeS6,-6.404802,3.937297e-07
Li2PLa7Cl7,-6.406222,3.924444e-07
Li6P7Si3Cl3,-6.4113083,3.8787493e-07
Li7Cl7Br2,-6.413472,3.8594715e-07
Li2GeN2S5O,-6.415244,3.8437568e-07
Li3Ge3Cl,-6.415904,3.8379204e-07
Li5Br4Al5Cl2,-6.421238,3.791072e-07
Li3Br5La7Si2O,-6.4220934,3.7836122e-07
Li3Al7O2N6La2,-6.4232454,3.7735887e-07
Li6P5Ge4Si5,-6.429605,3.7187328e-07
Li7N4Zr3,-6.4340577,3.6808007e-07
Li2N3Zr2,-6.4357786,3.6662442e-07
Li7Zr7S3Cl6,-6.436247,3.6622933e-07
LiZr6Al3,-6.4391747,3.6376872e-07
Li2SiP,-6.440863,3.6235718e-07
Li5Al3Zr3,-6.4443774,3.5943683e-07
Li5La4Br5,-6.445565,3.584551e-07
Li6Cl6S4Br4N7,-6.4522514,3.5297876e-07
Li2Zr2S3La3,-6.454685,3.510062e-07
LiSiGe5Zr6P7,-6.459147,3.4741856e-07
Li7Si2P6,-6.459998,3.4673835e-07
Li3ZrAl,-6.464122,3.434616e-07
Li5P4Al3F2,-6.4659348,3.4203083e-07
Li3N2S6P4,-6.4671583,3.4106856e-07
Li7N6S5Zr2,-6.472412,3.369674e-07
Li5P7F2Zr4,-6.4727807,3.3668152e-07
Li6S6P7,-6.4759912,3.342018e-07
Li2N3Zr3,-6.4793863,3.3159935e-07
Li3Cl5S6N2,-6.4797726,3.3130456e-07
Li6O2ClP7,-6.4838653,3.281971e-07
Li7S3Cl3P5P4,-6.4838853,3.2818195e-07
Li4Si5Br4,-6.484624,3.276243e-07
Li5Br3La2F5,-6.485572,3.2690994e-07
Li6P6S2P,-6.489625,3.238732e-07
LiN2Al2P,-6.4941087,3.2054672e-07
Li5NBr3S3,-6.4944053,3.2032787e-07
LiSiCl3,-6.49652,3.1877184e-07
Li3Al4S3Cl7,-6.4989467,3.1699568e-07
Li3S2S3La2,-6.499782,3.163865e-07
Li7La3Br7O5,-6.5025406,3.1438327e-07
Li7Cl5Cl,-6.504314,3.1310216e-07
Li7P4Si7,-6.5071454,3.1106748e-07
Li5La4O6Si6,-6.5104556,3.0870552e-07
LiPS,-6.510672,3.0855168e-07
Li7Al3Zr3,-6.5113554,3.080666e-07
Li7O4Zr6S3La3,-6.5123386,3.0736993e-07
LiCl2La3S3,-6.516038,3.0476286e-07
Li5Br2La5Br4,-6.5211844,3.0117266e-07
Li2P2Si,-6.521559,3.009132e-07
Li6S7Si4La4,-6.5216713,3.0083524e-07
Li2Br5Zr6Cl4,-6.5220737,3.005566e-07
Li7Ge3O4,-6.5234275,2.9962118e-07
Li6S4ClZrAl7,-6.5264053,2.975738e-07
LiBr7N2Ge5,-6.5267043,2.9736898e-07
Li4Al7La3Cl4,-6.5280747,2.9643212e-07
Li6OP4Si2,-6.529053,2.95765e-07
Li6P7SiO2,-6.5307484,2.9461282e-07
Li4Zr2N,-6.5324116,2.934867e-07
Li7S2Cl7Al5,-6.534079,2.92362e-07
Li7ZrF,-6.5345554,2.920415e-07
Li5Cl4Al5,-6.5386977,2.8926925e-07
LiLa3P5Cl2,-6.540297,2.8820597e-07
LiAl2Zr7SLa7,-6.5417256,2.8725947e-07
LiBrGe4Cl5,-6.542824,2.8653403e-07
LiLa7Br6,-6.5435147,2.8607855e-07
Li2La6P4AlS5,-6.5442667,2.855836e-07
Li3Cl6S2P3,-6.545538,2.847489e-07
Li5BrO3,-6.54563,2.8468855e-07
Li7Br3La7Zr7,-6.5456305,2.8468824e-07
Li2Al4N5La,-6.546427,2.8416673e-07
Li5La2Cl5,-6.5487614,2.8264327e-07
Li5N2Br7,-6.5493817,2.822398e-07
LiNLa4Ge6Al4,-6.5508738,2.8127184e-07
Li5Cl6Cl6,-6.5580974,2.7663214e-07
Li7Zr4Ge2O4,-6.5597067,2.7560895e-07
Li4Cl3Si3N,-6.560052,2.7538994e-07
Li7Si2P7,-6.5611916,2.7466822e-07
Li7Al7Cl4F3La4,-6.563135,2.7344177e-07
Li3S4Cl7Zr2O6,-6.564952,2.723003e-07
Li3Ge7Br,-6.5669665,2.7104005e-07
Li7Cl4Cl,-6.56759,2.7065107e-07
Li2N4La3Ge7,-6.5708346,2.686367e-07
Li6Si2Cl5La,-6.570908,2.685913e-07
Li6S6AlLa,-6.5713205,2.6833632e-07
Li4S5S6,-6.5713477,2.6831952e-07
Li5BrSi6LaGe7,-6.573323,2.6710205e-07
Li7Zr7La6N3,-6.5735707,2.669496e-07
Li5BrN5Al3,-6.574679,2.662693e-07
Li6SiF5Ge,-6.5752845,2.6589828e-07
LiS5Br6,-6.575333,2.658685e-07
Li3Br6S7OSi5,-6.5758276,2.6556594e-07
Li4O3ZrBr7,-6.5781746,2.6413466e-07
Li5Br2Cl4,-6.578397,2.6399957e-07
Li2N5Zr5,-6.5789924,2.6363776e-07
Li6Al4O2Zr7,-6.5899653,2.570601e-07
LiP2La6Cl6,-6.5933022,2.5509254e-07
Li6La7Br6N,-6.6007185,2.507734e-07
Li4Si4BrP6N3,-6.602278,2.498744e-07
Li7ClF3,-6.6066003,2.474e-07
Li2Br2LaLa2,-6.6070304,2.4715513e-07
Li2Zr3Br3Cl3O5,-6.61146,2.4464694e-07
Li2Br5O3P6,-6.6124372,2.4409718e-07
LiZr4Al2La5O,-6.613484,2.4350962e-07
Li5Cl7S5S4P,-6.6137056,2.433853e-07
Li5N3Br7Cl7,-6.6139235,2.4326323e-07
Li5Zr5Al7S5N7,-6.614483,2.429501e-07
Li2La7La2Ge5,-6.614614,2.4287678e-07
Li2ClGe7,-6.617049,2.415187e-07
Li2Cl2La3Br,-6.6173058,2.4137609e-07
Li3LaP4,-6.617406,2.4132044e-07
Li6Si4P3,-6.6177444,2.411324e-07
Li4Al5La2Cl,-6.619456,2.4018405e-07
LiFZr5Si7,-6.620494,2.3961064e-07
Li5Al3Zr3O6Br7,-6.625028,2.3712201e-07
Li7PP6,-6.62531,2.3696819e-07
Li4Si3O4Zr4,-6.6303387,2.3424015e-07
Li5Cl3Si3,-6.631358,2.3369093e-07
Li3Al2Ge4Br7,-6.6323314,2.3316782e-07
Li2BrAl7N3,-6.6330223,2.3279716e-07
Li3P5Cl2,-6.6340637,2.322396e-07
Li3Zr7P4Cl2O6,-6.63436,2.320813e-07
Li2S5Cl3La5,-6.634586,2.3196056e-07
Li5P6La7Al7,-6.6354923,2.314769e-07
Li2O3Br2Zr4,-6.639079,2.2957305e-07
Li2Ge3Si2La3P6,-6.639352,2.2942892e-07
Li3Br6Si4Ge7,-6.6400204,2.2907602e-07
LiLa3Br6O3,-6.640715,2.2870985e-07
Li3S3N2ZrLa5,-6.6419597,2.2805538e-07
Li7Zr4Br3Cl4,-6.6449943,2.2646742e-07
Li6Si5Cl3,-6.6462574,2.258097e-07
Li6OS2Br5,-6.648462,2.2466642e-07
LiF6Br7Zr6Al,-6.6496954,2.240292e-07
Li2AlCl,-6.65117,2.2326992e-07
Li4ClSi6N3,-6.6559963,2.2080235e-07
Li2Br7P,-6.6568627,2.2036228e-07
Li3O5PLa3Zr6,-6.6575117,2.2003324e-07
Li7Br2F,-6.6588693,2.1934652e-07
Li4SClAl2P6,-6.6611667,2.1818924e-07
Li6S7Zr7,-6.6628776,2.1733138e-07
Li4Cl3SiZrAl5,-6.66383,2.1685538e-07
Li7N2Si2SiCl4,-6.6649942,2.1627473e-07
Li3Si2P3,-6.6658907,2.1582875e-07
Li7Zr4SGe6,-6.666153,2.1569846e-07
Li6O7Si,-6.667879,2.1484284e-07
Li3Cl3Zr,-6.6682134,2.1467756e-07
Li6Cl2SN7Ge,-6.66861,2.1448153e-07
Li3Ge6Cl7,-6.6739254,2.118725e-07
LiBr4Si4La7O7,-6.676954,2.1040023e-07
Li4P2Al2SN5,-6.6794367,2.0920079e-07
Li4Br5Si7Cl,-6.6807876,2.0855107e-07
Li7S3O3La,-6.6811776,2.0836386e-07
Li2N2Zr,-6.685606,2.0625002e-07
Li6P4La2F5,-6.68564,2.0623393e-07
Li5SBr5F2,-6.686061,2.060341e-07
Li2Zr7Br6P4F5,-6.691702,2.0337525e-07
Li3Si4Br7,-6.69499,2.0184122e-07
Li3SCl5Br6P,-6.6969914,2.0091323e-07
Li6F2P7,-6.6988378,2.0006091e-07
Li4N4SiLa3Si3,-6.6991763,1.9990502e-07
Li6O3Cl,-6.7000165,1.9951865e-07
Li3BrBr7Cl3,-6.7018,1.9870103e-07
Li2Si3P,-6.703048,1.9813069e-07
Li5Al6La4F3Si3,-6.7051105,1.9719207e-07
Li2NSi6La4S3,-6.7057133,1.9691859e-07
Li7SGe4,-6.708627,1.9560177e-07
Li3GeF2Si,-6.7103567,1.9482437e-07
Li3Ge7Cl7,-6.7120914,1.9404773e-07
Li2P5La,-6.713941,1.9322303e-07
Li4PGe6,-6.714421,1.9300973e-07
LiCl4Al,-6.7158065,1.9239488e-07
Li7P4Si6La6P7,-6.721967,1.8968491e-07
Li3Br6La6N5,-6.723702,1.8892875e-07
Li2P4Cl,-6.7241416,1.8873759e-07
Li6GeBr6Cl5,-6.72461,1.885342e-07
Li2Zr3O,-6.7266827,1.876365e-07
Li3Si2La2F3,-6.727157,1.8743162e-07
Li4N2Zr7,-6.727794,1.871569e-07
LiS4Cl3Br7,-6.7291675,1.8656601e-07
Li2Zr2SN,-6.729365,1.8648123e-07
Li3ClSi2,-6.729975,1.8621934e-07
Li6NSi7La5Al2,-6.7300825,1.8617334e-07
Li6Si6P5,-6.731867,1.8541e-07
Li2Si2LaGe4,-6.731946,1.8537621e-07
Li3P3Ge7,-6.7322187,1.8525982e-07
Li4Br6S5,-6.7396693,1.8210869e-07
Li3Br3Si7,-6.7411203,1.8150126e-07
LiBr4S6,-6.7412214,1.8145903e-07
Li6Ge7S,-6.742829,1.8078865e-07
Li4Si2LaAl,-6.7442784,1.8018622e-07
Li2P7LaF,-6.745903,1.7951345e-07
Li7Si5Cl3,-6.7473288,1.7892509e-07
Li4SiS2,-6.7492647,1.7812927e-07
Li6P4Si7,-6.7520275,1.7699968e-07
Li2SSi5La6P3,-6.7544694,1.7600728e-07
LiP2Ge7O,-6.7558303,1.754566e-07
Li7F6O4Zr7Si4,-6.7579036,1.7462098e-07
Li5Si7P2,-6.7633753,1.7243472e-07
Li4La2Ge6F5Al6,-6.7635756,1.7235523e-07
Li5S7P3La6,-6.764356,1.7204572e-07
Li4Si7P,-6.7660136,1.7139035e-07
Li7Ge7Zr2,-6.766668,1.7113237e-07
Li7Al5Zr2,-6.7675295,1.7079317e-07
Li5Si6AlP2,-6.768426,1.70441e-07
Li4S6Si5N5Br3,-6.7696643,1.699557e-07
Li3Ge7La2,-6.7699623,1.698391e-07
Li4N2P5Al4La5,-6.7699914,1.6982773e-07
Li5Al6Cl5Ge6,-6.7728534,1.6871225e-07
Li5Cl7La3O5,-6.7737575,1.6836141e-07
Li5N3Si7Br6Cl7,-6.7741003,1.6822855e-07
Li6BrO3Ge4,-6.7755876,1.6765343e-07
LiLa2Br7O4,-6.7756076,1.676457e-07
Li4FP5,-6.7760034,1.6749298e-07
Li3SiBr2,-6.777025,1.6709936e-07
Li7Zr4Br3S,-6.7776923,1.6684288e-07
Li6P5Al7,-6.7777586,1.6681741e-07
Li3Ge7Cl4,-6.7780867,1.6669145e-07
Li3O3Si7LaS5,-6.7789197,1.6637202e-07
Li2Ge2S3Ge7P2,-6.779234,1.662517e-07
Li6Si2Cl3Al3,-6.780645,1.6571244e-07
Li2OZr,-6.782902,1.6485352e-07
Li7S3La4Ge2,-6.7831645,1.6475383e-07
Li2O3Ge4Cl6Br4,-6.7841825,1.6436807e-07
Li5S4Cl5Cl6,-6.784908,1.640938e-07
Li2Zr2Cl3Al6Si6,-6.7862186,1.6359927e-07
Li7Ge4Zr,-6.787618,1.6307291e-07
Li4Ge4O6Zr7,-6.789031,1.6254326e-07
LiSi4Zr6Al2Ge3,-6.7922945,1.6132643e-07
Li3Zr2Cl4La3,-6.793673,1.6081515e-07
Li4BrCl5Al7,-6.793813,1.6076325e-07
Li6Al4Cl3,-6.7987585,1.5894304e-07
Li6S7La6N7,-6.7997274,1.5858882e-07
Li3P2S4,-6.7999563,1.5850526e-07
LiBrSi5La2P6,-6.8002224,1.5840818e-07
Li2GeS,-6.801213,1.5804734e-07
Li2Cl4Cl,-6.8084455,1.5543705e-07
LiS6ZrLa7F,-6.8085947,1.5538365e-07
Li3Cl5Al4,-6.8092127,1.551627e-07
Li6S6Cl4O5P4,-6.811038,1.5451192e-07
LiPBr4Ge4N2,-6.8116617,1.5429018e-07
Li3Cl7Al4,-6.817487,1.5223455e-07
Li7Br7La4Zr3F7,-6.8195477,1.5151386e-07
Li4ClSPBr3,-6.820434,1.5120492e-07
Li6P2Br7Cl7,-6.8211474,1.5095675e-07
Li4P4SiGe7,-6.821416,1.5086347e-07
Li3Al3Ge6Si7P4,-6.824755,1.4970793e-07
Li6Br3N5Ge2,-6.8289547,1.4826728e-07
Li2P6BrAl2,-6.83026,1.4782238e-07
Li7Zr7S3Al,-6.8303447,1.477935e-07
Li3AlSi5La7Cl4,-6.831245,1.4748744e-07
Li5Br2Br6Cl,-6.8319592,1.4724506e-07
Li6Cl7Al6,-6.8342915,1.4645646e-07
Li5S2AlGe3,-6.8361025,1.4584701e-07
Li4Zr4La2N,-6.838427,1.4506844e-07
Li6Ge3Si6N,-6.8390665,1.4485501e-07
Li5ZrCl5La6,-6.8395014,1.4471003e-07
Li3P5Cl5La5,-6.8395743,1.4468571e-07
Li2Zr5Al4P7,-6.843039,1.4353604e-07
Li5Si6P3,-6.8462033,1.4249403e-07
Li4Br3La3Al3,-6.847159,1.4218085e-07
Li4Ge6P3,-6.847261,1.4214744e-07
LiN2Si6La3S3,-6.847447,1.4208659e-07
Li5Br7S3,-6.847945,1.4192365e-07
LiZr7Ge6O5,-6.8486295,1.4170023e-07
Li4Al5Zr5La7,-6.8492527,1.4149703e-07
Li5Zr5S4Al,-6.850367,1.4113442e-07
LiBr3Br2Cl3,-6.8510995,1.408966e-07
Li4N2Si4La5Si3,-6.851755,1.4068405e-07
LiAlCl2Ge6,-6.8532887,1.4018816e-07
Li2SBr2Cl,-6.85419,1.3989755e-07
Li3Cl3Al2N2,-6.8565373,1.3914341e-07
Li7Al4Zr5,-6.857447,1.3885223e-07
Li5P6N7,-6.8600526,1.3802172e-07
Li4Cl2S2Ge5Al7,-6.8609304,1.37743e-07
Li7P6P5,-6.8619986,1.3740465e-07
Li6P5Al6,-6.8646708,1.3656181e-07
Li6La5F6Zr5S6,-6.8648276,1.3651248e-07
Li4Al3Cl7La4,-6.8650675,1.3643711e-07
LiSiP,-6.866074,1.3612124e-07
Li7Al7P6,-6.866575,1.3596441e-07
Li7P6N6,-6.8682785,1.3543206e-07
Li6P5Al5La7,-6.871329,1.3448417e-07
Li6La2Cl4O7,-6.8719153,1.3430268e-07
Li7O5S5,-6.8720737,1.3425372e-07
Li3Br2Br4Cl6,-6.8727508,1.3404457e-07
LiLa7P,-6.875911,1.3307263e-07
Li6Zr7La,-6.8780446,1.3242055e-07
Li3Si3O2Ge7P,-6.881556,1.313542e-07
Li3P4Si5La4P3,-6.883788,1.3068083e-07
Li7F2Al4Cl5Zr5,-6.8840475,1.306028e-07
Li6Br5O3La3,-6.8851347,1.3027626e-07
Li7Cl3O4Si,-6.888036,1.2940892e-07
Li7Al4OBr6N7,-6.8882527,1.2934429e-07
Li4S4P5N4,-6.8890204,1.2911585e-07
Li4S7Si3F,-6.891311,1.2843661e-07
LiZr7Br6F4N4,-6.8941593,1.2759706e-07
Li3ClAl2,-6.8954487,1.2721881e-07
Li6N3P2,-6.8963904,1.2694323e-07
Li4N3Si2La2Ge7,-6.9043064,1.2465037e-07
Li3S4ClP6,-6.906634,1.2398414e-07
Li2S3P3,-6.9070454,1.2386671e-07
LiAl7Ge6N5La6,-6.9085174,1.2344759e-07
LiGe6Br,-6.9108167,1.2279575e-07
Li5Al7La2Ge,-6.91146,1.2261401e-07
Li6Br6Cl3Al4O2,-6.914075,1.2187795e-07
Li7Si4Al7O7Zr3,-6.9149437,1.2163437e-07
Li4Si6S6OP,-6.917737,1.2085455e-07
Li3Cl4S7,-6.9180317,1.2077257e-07
Li5Al3La5Cl5,-6.9195595,1.2034846e-07
Li4Cl7Si4,-6.9199557,1.202387e-07
Li3O7Al4Zr7La7,-6.9204416,1.2010425e-07
Li6O5Zr7Br6,-6.9222946,1.195929e-07
Li5N2Si3La7Br6,-6.9257665,1.18640656e-07
Li3Zr3Cl,-6.926163,1.1853233e-07
Li6S5Br4,-6.9281974,1.1797843e-07
Li6Zr6La5Ge,-6.932105,1.1692165e-07
Li4Zr3La,-6.933972,1.1642014e-07
Li7Si7Ge2,-6.935123,1.16111984e-07
Li6F2S6P5,-6.937252,1.1554415e-07
Li5Ge3Al3N6Si3,-6.940663,1.1464025e-07
Li5Zr7Si5F5,-6.9430833,1.14003115e-07
LiBr4FGe4,-6.944941,1.1351649e-07
Li3Ge4P5,-6.9464483,1.131232e-07
Li5P4BrP7N5,-6.9465137,1.1310618e-07
Li7S7P5NO3,-6.948827,1.1250536e-07
Li4Cl4S2Al7P3,-6.9493136,1.1237931e-07
Li5Al3Ge6P7,-6.9511905,1.118947e-07
Li7F5S6Ge7P6,-6.951523,1.1180911e-07
Li4Br2Br3Ge,-6.954739,1.1098414e-07
Li4La3Br3Al2,-6.955718,1.1073425e-07
Li6OSP6,-6.9573684,1.10314254e-07
Li3S4Cl2La7,-6.9620614,1.091286e-07
Li5Zr4Br5F4N3,-6.964569,1.08500295e-07
Li6S5S4P6,-6.9681654,1.0760553e-07
Li7ZrN7Si3,-6.9726653,1.06496344e-07
Li5Zr4Cl2,-6.9752517,1.05864004e-07
LiZr7Cl4O7,-6.9773965,1.0534247e-07
Li4Br5La3F4,-6.97911,1.0492772e-07
Li3S3SGe6P4,-6.982066,1.04215864e-07
Li2S5Br4Si5,-6.986282,1.0320913e-07
Li4F2Si5La5P6,-6.991339,1.0201424e-07
Li2ZrS7P5,-6.9971924,1.0064857e-07
Li4Cl2GeLa7,-7.000061,9.998595e-08
Li5N6Br6,-7.0017347,9.960136e-08
LiSi6Al2La,-7.0018616,9.9572276e-08
LiAl2La2Cl2,-7.0052447,9.879962e-08
Li2NBr7Cl,-7.0095997,9.781384e-08
LiLa3Si3Ge4P7,-7.009805,9.776757e-08
Li2FS7Ge6P4,-7.0104666,9.761879e-08
Li3Br6P4Si3Ge7,-7.0110607,9.7485334e-08
Li5Si7La5,-7.012495,9.7163905e-08
Li2Zr2SZr3,-7.01657,9.6256464e-08
Li2N4Si7LaCl,-7.01818,9.590033e-08
Li7S3Cl3La6,-7.021643,9.513862e-08
Li4Cl7ZrN6,-7.0228395,9.4876896e-08
Li5P6Ge5,-7.0295563,9.342083e-08
Li5F2P3Ge4N,-7.030949,9.31217e-08
Li7Ge7FN4Cl5,-7.0322485,9.28435e-08
Li2Br7O,-7.032287,9.283524e-08
Li5Cl7Zr6,-7.0394726,9.131191e-08
Li2SiLa2N4,-7.0396194,9.128104e-08
Li4Br4P6Ge7,-7.042337,9.071165e-08
Li7SP2ClN6,-7.0428677,9.0600864e-08
Li5N4Ge5,-7.045123,9.0131564e-08
Li4BrSi5Br2P7,-7.0453744,9.0079425e-08
Li5F6N7La5Zr3,-7.048198,8.949562e-08
Li6Si5SiLa7Cl2,-7.0488133,8.936895e-08
Li6S2Zr6La5,-7.050248,8.9074184e-08
Li5N7SiLaSi2,-7.0502524,8.90733e-08
Li5Al5O2P6,-7.053462,8.8417444e-08
Li3N4O6La3Cl7,-7.0551176,8.808103e-08
Li6Si2P7Ge6,-7.061138,8.6868404e-08
Li5O7La2Cl,-7.0622773,8.6640846e-08
LiBr4Al4Ge5,-7.062822,8.6532275e-08
Li7P5P7,-7.0644917,8.6200195e-08
Li4Br2La2Zr,-7.0655785,8.598477e-08
Li6F3P,-7.066172,8.586731e-08
Li5Si5N6GeCl,-7.0670257,8.569872e-08
LiS2Si,-7.0688667,8.53362e-08
Li2La2Si5O5,-7.0734034,8.444941e-08
Li4S4Br4Cl7,-7.081082,8.2969436e-08
LiS2La6,-7.081902,8.2812896e-08
Li6ZrClF5Br3,-7.0843525,8.234695e-08
Li2Al5Br5P7N4,-7.086531,8.1934886e-08
Li7Cl2Br4,-7.0895257,8.137187e-08
Li3Cl7P,-7.0908527,8.112361e-08
LiGe3Si2La4Al,-7.0935616,8.0619174e-08
LiAl2Br2Cl2,-7.094687,8.0410544e-08
Li7Si4N6Br7,-7.099677,7.9491905e-08
Li7Si3Al7LaGe6,-7.102784,7.8925225e-08
Li4AlSi7La5,-7.104423,7.862795e-08
Li2Br7Si6,-7.10508,7.8509075e-08
Li7Zr4Cl3O6,-7.106849,7.818993e-08
Li2O2ZrS,-7.107131,7.813921e-08
Li3N5S5Ge4P4,-7.107428,7.8085776e-08
Li3ClBr,-7.1102777,7.75751e-08
Li3Ge6P5Si4S4,-7.114468,7.683019e-08
LiP2Al,-7.114994,7.67372e-08
Li6Cl6Al3FZr6,-7.116334,7.650081e-08
Li4P2P5,-7.1192966,7.598073e-08
Li4P4P3,-7.1192966,7.598073e-08
Li6Cl4Br5,-7.1204295,7.578277e-08
LiAl5NBr4Zr2,-7.123941,7.517251e-08
Li7Al4N,-7.1250696,7.49774e-08
Li5N3Ge7,-7.1263475,7.4757104e-08
Li3OGe7,-7.126382,7.475119e-08
Li5Br7Br3Cl3,-7.1275377,7.455251e-08
Li5La2Al4,-7.1296287,7.419444e-08
Li7GeBr6,-7.1309,7.3977574e-08
Li7O2Al2Cl7La5,-7.1315527,7.386646e-08
Li4Si6Ge2Zr2Al5,-7.135283,7.3234716e-08
Li2S2O5Zr6,-7.1369925,7.294702e-08
Li2OZr3N,-7.141024,7.227297e-08
Li2Al6La3Cl4,-7.1528807,7.032655e-08
LiGeSiAl5O2,-7.1566396,6.9720485e-08
LiGe2S,-7.162985,6.870924e-08
LiSGe2,-7.162985,6.870924e-08
Li3AlGe4N4,-7.1726522,6.719667e-08
Li4Cl2S7Ge4O6,-7.1743555,6.6933644e-08
Li5S5Cl2La4,-7.175984,6.668315e-08
Li7GeBr4,-7.179354,6.6167665e-08
Li7F4P4S,-7.180078,6.6057474e-08
Li6ClZr5,-7.180496,6.59939e-08
Li2P5P,-7.1953983,6.3767835e-08
LiFGe4,-7.1955376,6.374739e-08
Li3Al5Br3,-7.1957946,6.370968e-08
Li7Si5P6SF2,-7.1989994,6.324127e-08
Li2S6Al7La2,-7.199641,6.314788e-08
Li3Al6Br4,-7.2126827,6.127979e-08
Li3N6Zr,-7.2165856,6.073155e-08
Li2S2Cl2La3,-7.221201,6.008956e-08
Li2P3Si6ClBr5,-7.223589,5.976006e-08
Li3Al3S7Ge7P5,-7.22675,5.9326688e-08
Li3O3Br,-7.2275925,5.92117e-08
Li3F2Cl7La6,-7.2294016,5.8965558e-08
Li6Br3La6Ge2,-7.230671,5.8793468e-08
Li6LaSSi5Al3,-7.231011,5.874746e-08
Li6S2Br2La7,-7.2322783,5.8576262e-08
Li6P5N6,-7.234566,5.8268494e-08
Li2S3Si3,-7.239241,5.7644634e-08
LiF4Zr6P,-7.2413845,5.736084e-08
LiGe4S7Ge3P,-7.2464557,5.6694944e-08
LiGe6P4,-7.2494383,5.6306913e-08
Li2ON3Ge,-7.251413,5.6051487e-08
LiGe4N5La5,-7.251537,5.603549e-08
Li7Al4LaS3,-7.2539315,5.5727362e-08
Li5Br6La7O2,-7.255015,5.558852e-08
Li3N3S4,-7.256088,5.5451363e-08
Li5O2P6,-7.259491,5.5018536e-08
Li5Al5F2,-7.260412,5.4901953e-08
Li3Al7P5N5S7,-7.262912,5.458687e-08
LiSi5Zr,-7.266034,5.419583e-08
Li2Si2Ge,-7.2725806,5.3385016e-08
Li7F4P6,-7.273072,5.3324676e-08
Li3Zr2Si,-7.2744355,5.3157493e-08
Li5Ge7LaAl4,-7.2822833,5.2205554e-08
LiLa7Cl,-7.288605,5.1451114e-08
Li4Al3Ge5Zr3,-7.295979,5.058491e-08
Li2PS4,-7.3018007,4.9911346e-08
Li7Br5Cl5,-7.3088894,4.9103292e-08
Li4ClLa6Ge4,-7.3096733,4.9014737e-08
Li3La3S5,-7.3104143,4.893118e-08
Li2Br2Si5FGe4,-7.3137527,4.8556497e-08
Li3Si2S4,-7.3150043,4.841675e-08
Li6BrLa6Al7,-7.3211308,4.7738553e-08
Li2Al2Zr3La4,-7.3227615,4.755963e-08
Li2Zr6O,-7.3356547,4.6168445e-08
Li4N7Si5LaAl5,-7.3360786,4.6123404e-08
Li4S4NO4Br2,-7.338803,4.5834994e-08
Li7Zr6Al2,-7.3389063,4.5824077e-08
Li4SF6La2,-7.342719,4.5423533e-08
Li4O5Ge4Al7P3,-7.3429937,4.5394817e-08
LiAl7Si6Zr5,-7.343531,4.533868e-08
Li2Br3Al4,-7.3449006,4.5195936e-08
Li7N7S,-7.3449636,4.518939e-08
Li7S2N5,-7.3451853,4.516632e-08
Li4P7S4,-7.3456645,4.511651e-08
Li6P5P6,-7.3481326,4.486084e-08
Li4Si5S,-7.3489184,4.477974e-08
Li4La7BrCl3,-7.3518133,4.4482242e-08
Li3Br3O3P2Al3,-7.359523,4.3699572e-08
Li4Cl6Ge3N4,-7.3599634,4.365526e-08
Li6GeZr7F3,-7.3601184,4.3639684e-08
Li5Ge5Al3S4,-7.367587,4.2895618e-08
Li5Si2S5,-7.3695183,4.2705295e-08
Li7Ge4ZrO5,-7.370827,4.257678e-08
Li3P2F2,-7.3730826,4.2356238e-08
Li3P4Si7,-7.3754387,4.2127077e-08
Li5F3La6Zr7,-7.376163,4.2056875e-08
Li3F3Zr3La,-7.3789434,4.178848e-08
Li2Ge7Cl5,-7.3794274,4.1741934e-08
Li2Cl5Ge7,-7.3794274,4.1741934e-08
Li3S4Al4P3,-7.379467,4.173813e-08
Li4BrP5La6F2,-7.38064,4.1625547e-08
Li7BrN3La4,-7.3828306,4.141612e-08
Li7Si6O,-7.3834934,4.135296e-08
Li5Ge5Br5Al7,-7.384417,4.1265103e-08
Li4ClLa6P6,-7.3874536,4.0977593e-08
Li5N3Zr3La7Ge3,-7.393526,4.040861e-08
Li2N5Cl7Si3S,-7.3945956,4.0309217e-08
Li3Br5N7Cl2Zr,-7.396223,4.015845e-08
Li2Br3P7Al7Ge,-7.398223,3.997395e-08
Li4SN3,-7.404349,3.9414058e-08
Li6ClBr5,-7.407776,3.9104265e-08
Li7Si7S6Al,-7.4080276,3.9081602e-08
Li6Ge2Al7,-7.4123473,3.8694807e-08
LiNSi2,-7.413388,3.8602217e-08
Li2Ge2La7,-7.4205856,3.7967705e-08
Li7Si3N6Ge6,-7.4236646,3.7699486e-08
Li3GeSi3,-7.4256988,3.7523318e-08
LiSi7SLa2,-7.427441,3.737308e-08
Li4P7Al5,-7.428282,3.7300804e-08
Li4N6S5,-7.428288,3.7300275e-08
Li3Ge3N5,-7.4310327,3.7065284e-08
Li4N5Al3Ge5O4,-7.4322033,3.696551e-08
Li6ClO5Ge3N7,-7.4331555,3.6884547e-08
Li7Ge5La6,-7.4341755,3.6798024e-08
Li3P7Ge5Br5,-7.4342957,3.6787846e-08
LiCl5La2La7,-7.436095,3.6635722e-08
Li7O7Zr4Si2,-7.4482036,3.562841e-08
Li4Zr7S2F4,-7.448883,3.557271e-08
Li3Al7Ge4,-7.4502544,3.546056e-08
Li2Ge7Cl6,-7.4514523,3.536289e-08
Li5Si3N4,-7.4529843,3.5238358e-08
Li5N5S7,-7.453354,3.5208387e-08
Li5Br3La4N,-7.455216,3.5057752e-08
Li3La3Cl3N2,-7.4557023,3.5018513e-08
LiCl5S5Ge6P7,-7.4559813,3.4996027e-08
Li3Si7Ge4,-7.4670706,3.4113746e-08
Li3N5Ge2,-7.4689846,3.396373e-08
LiZrSi3P3,-7.4732428,3.3632354e-08
Li3FP3,-7.4757023,3.3442422e-08
Li4P4La3,-7.477084,3.3336182e-08
LiCl7S6Ge3Si4,-7.481123,3.30276e-08
Li7O4LaN7,-7.483332,3.2860022e-08
Li7Br6Cl2,-7.485993,3.2659315e-08
Li3Si5N6,-7.489604,3.2388886e-08
Li7Si2La3,-7.490724,3.2305458e-08
Li7La5AlCl5O,-7.4908023,3.2299642e-08
Li5OAl4,-7.492856,3.2147263e-08
Li7La5Al7,-7.49381,3.207671e-08
LiClS5Ge5Si7,-7.4950233,3.1987238e-08
LiCl7La7N4,-7.4958715,3.192482e-08
Li4Ge5Al,-7.495887,3.1923697e-08
Li3S3F2Zr6O2,-7.4970536,3.1838045e-08
Li7F2La4Al2P2,-7.4970636,3.183731e-08
LiSi7Br3,-7.501528,3.151173e-08
Li4Zr4S,-7.50521,3.1245687e-08
Li3OF,-7.510849,3.0842603e-08
Li2Br7F2,-7.512042,3.075799e-08
Li4F6O6La7Ge7,-7.514351,3.0594904e-08
Li7F5S5,-7.517634,3.0364497e-08
Li2Si5O,-7.5181656,3.0327346e-08
Li4Si3P7,-7.5195403,3.02315e-08
Li3O2Cl2,-7.520088,3.0193384e-08
Li4Cl6Cl5,-7.523902,2.9929403e-08
Li4BrLa5Si,-7.5249677,2.985605e-08
Li5Ge4La5,-7.5252004,2.9840056e-08
Li7F5SiCl4,-7.5286965,2.9600802e-08
Li3Si5O,-7.5286965,2.9600802e-08
Li5N3S2,-7.5290895,2.9574032e-08
Li4Si3Cl4FAl,-7.5321183,2.9368493e-08
Li7Al6S6,-7.5342007,2.9228016e-08
Li2La6PCl3,-7.5354896,2.9141402e-08
Li3Si7Cl7,-7.546014,2.8443704e-08
Li2La3Br,-7.5481005,2.830737e-08
LiBr5Cl4Al5,-7.5491543,2.8238766e-08
Li4N3S2,-7.5574923,2.7701784e-08
Li7Al5S5,-7.568283,2.7021965e-08
LiPAl2,-7.5686464,2.6999366e-08
LiCl2Cl2La6,-7.574792,2.6620002e-08
Li5SiBr3N6Ge,-7.575012,2.6606502e-08
Li7La3Br3La6,-7.5792003,2.635116e-08
Li4La5P7,-7.579953,2.6305514e-08
Li7P3La4,-7.5805006,2.6272378e-08
LiSiS3,-7.5829697,2.6123438e-08
LiGe3Si4,-7.586507,2.5911536e-08
Li7Br5F6Zr7,-7.591874,2.5593275e-08
Li3Ge5S7,-7.594676,2.542869e-08
Li5O3BrP2N3,-7.5953293,2.5390468e-08
Li3P2Al7,-7.5968146,2.5303779e-08
Li7F4Al,-7.597906,2.5240263e-08
Li7S6O4La5,-7.601567,2.5028408e-08
Li5Si4F,-7.602248,2.4989168e-08
Li6Si7F,-7.602707,2.4962787e-08
LiS2P,-7.6079893,2.4661e-08
LiSi7NBr7S6,-7.61817,2.4089635e-08
Li5F4Si3,-7.626323,2.3641595e-08
Li4O2F2Al,-7.6289463,2.3499233e-08
Li7Si7S,-7.6339784,2.3228525e-08
Li6N2Al3Si7,-7.635138,2.3166582e-08
LiLa3SiLaP2,-7.6356044,2.314172e-08
Li2Cl4La5,-7.635857,2.3128257e-08
LiGe4SiN7Al7,-7.637029,2.3065923e-08
LiBr4Ge4Ge2,-7.643219,2.2739505e-08
LiS4La7N2,-7.6452737,2.2632177e-08
Li4N5P3,-7.651733,2.229806e-08
Li6LaF6Zr,-7.6545763,2.2152548e-08
Li2N6O2Si2Zr,-7.657303,2.2013907e-08
Li2NBr2La2,-7.6622005,2.1767049e-08
Li3Ge3La6O7N4,-7.6644464,2.1654774e-08
LiLa4La6N2,-7.665026,2.1625882e-08
Li7AlLa5Ge2F3,-7.665063,2.1624054e-08
Li7Br5La7N6,-7.6699533,2.1381918e-08
Li2Si6Cl5,-7.671363,2.1312633e-08
Li6AlLa4S5,-7.674966,2.1136552e-08
Li2Si4Al5Cl2Br6,-7.675731,2.1099337e-08
Li3N6S5,-7.6758733,2.1092434e-08
Li3SLa2Cl2,-7.6964355,2.0117062e-08
Li7F2O6N6Zr5,-7.6981826,2.0036294e-08
LiLa6Cl2Cl3,-7.7000957,1.994823e-08
Li5S7Cl2O7P2,-7.7066503,1.964942e-08
Li6Si5F,-7.707649,1.9604274e-08
Li4N4P,-7.7092805,1.9530777e-08
Li2S3ClCl4,-7.7099376,1.9501249e-08
Li4Cl4La3,-7.720284,1.9042151e-08
Li4Cl7La7,-7.7205677,1.9029715e-08
LiGeP4N7,-7.7207484,1.90218e-08
Li5P5ClLa7,-7.724383,1.8863275e-08
LiBr2FS3,-7.7411265,1.8149867e-08
LiP2La4,-7.7431827,1.8064142e-08
Li3La2Al6,-7.744687,1.8001675e-08
LiLaF3AlCl5,-7.7461476,1.7941236e-08
Li2La2F6O4Zr7,-7.7469597,1.7907722e-08
Li5N4FLa6Cl6,-7.7471266,1.790084e-08
Li5N6Si6,-7.747522,1.7884554e-08
Li5Br2La2,-7.7497554,1.7792813e-08
Li6Si5S5Al6F3,-7.751377,1.7726496e-08
LiGeN7Br6,-7.756238,1.7529198e-08
Li7Br7Ge5F7S2,-7.7601314,1.7372752e-08
Li2N7S4P4Si5,-7.7620006,1.7298142e-08
Li2SSi4,-7.762932,1.7261089e-08
LiP5Ge,-7.7630463,1.7256541e-08
Li5La6P6,-7.7637987,1.7226668e-08
Li4Zr4N3F7,-7.7674317,1.7083162e-08
Li5F3Zr6P5,-7.771792,1.691251e-08
Li4La4F2Cl5,-7.7862687,1.635804e-08
Li4P2N7Al3,-7.7935996,1.6084234e-08
Li6Ge5F4Si6,-7.7998796,1.5853328e-08
LiBrSi7Ge6P6,-7.803174,1.5733523e-08
Li4S6O7La3,-7.8106704,1.5464277e-08
Li4O4Al2Br,-7.8114333,1.5437134e-08
LiSAl2,-7.81341,1.536704e-08
Li2SiLa7Ge,-7.814306,1.5335369e-08
Li7F7Cl5La5,-7.816165,1.5269858e-08
Li4NO3,-7.818327,1.5194033e-08
Li2Cl5Zr2Ge5O5,-7.8206615,1.5112574e-08
Li6Zr5O4F,-7.822619,1.5044614e-08
Li2P2Al6Cl5,-7.823473,1.5015058e-08
Li5N3S6Ge6O7,-7.825911,1.4931002e-08
Li7SCl7Zr4F7,-7.830455,1.4775602e-08
Li3NF2,-7.8370457,1.455306e-08
Li3Br2Si2La4F2,-7.8541317,1.399163e-08
LiLa2P5,-7.8562107,1.3924811e-08
Li7S6Al4,-7.861375,1.37602125e-08
Li4S7Al3N6,-7.8639884,1.3677654e-08
Li2S3Br2Cl7,-7.8668737,1.3587084e-08
Li6La5ClCl4,-7.8687897,1.3527275e-08
Li4Br5F4Ge3,-7.874838,1.3340193e-08
LiSi6Al5O2Ge,-7.8850894,1.3028986e-08
Li5Cl4La3,-7.887321,1.2962208e-08
Li4S6Al6P5,-7.8946934,1.2744025e-08
Li5AlF3Cl2O,-7.8995395,1.26026105e-08
Li7F5N,-7.9018884,1.2534633e-08
LiNSi,-7.905128,1.2441479e-08
Li3Br4Cl3Al6,-7.9193177,1.2041546e-08
Li4Si5Si2,-7.9221807,1.1962428e-08
Li7Ge5Cl4O6,-7.9263363,1.1848509e-08
Li6Br7F5P3,-7.9271894,1.1825259e-08
Li3N3P2,-7.938291,1.1526804e-08
Li3Cl7P7,-7.940533,1.1467449e-08
Li3N7P2Si,-7.9690413,1.0738872e-08
Li3P4La5,-7.9781294,1.05164855e-08
LiCl5N4Ge3O,-7.979652,1.0479681e-08
Li7La6Zr4,-7.981536,1.0434318e-08
LiCl3Si3,-7.9818015,1.0427939e-08
Li7BrF7La6P4,-7.992453,1.0175293e-08
Li2La4P3,-7.9929295,1.0164138e-08
Li7Si2O6,-7.9985237,1.0034051e-08
Li2La7Cl5,-8.002397,9.944968e-09
Li5Si5Al2,-8.006469,9.852155e-09
LiS4Si2N7,-8.007857,9.820705e-09
Li4Cl4S7O7,-8.008529,9.805535e-09
Li5Ge5O6N7P7,-8.008691,9.801875e-09
Li6La7Br3O2,-8.009334,9.787379e-09
Li7Al4S4,-8.011194,9.745537e-09
Li5P6La7,-8.01477,9.665636e-09
Li2Cl4N7GeP,-8.020341,9.542432e-09
Li6Zr3La6Si2,-8.021237,9.522755e-09
Li7SSi7La7,-8.027715,9.381781e-09
LiO7La6Ge5Zr,-8.037281,9.177385e-09
Li5F2Al2,-8.037801,9.166409e-09
Li2F2OSi3Zr,-8.037954,9.163168e-09
LiBr3O,-8.053525,8.8404635e-09
LiOBr3,-8.053525,8.8404635e-09
Li2OSi7,-8.058019,8.749462e-09
LiSLa5,-8.061636,8.6768885e-09
LiN4Br7,-8.066295,8.584308e-09
LiSN,-8.076528,8.384408e-09
Li4Al2Si7,-8.079686,8.32365e-09
LiNSi4Si6Cl,-8.084727,8.227591e-09
Li3Ge7Br5O5,-8.0848465,8.225333e-09
LiCl3F4La7Si6,-8.08845,8.157359e-09
Li5S5Br7O6,-8.090987,8.10985e-09
Li6La6Br3O7,-8.108072,7.797003e-09
Li3Br5P6F5,-8.109057,7.779337e-09
Li7N2Al6,-8.114006,7.691197e-09
Li5O5La4Ge,-8.123399,7.5266415e-09
Li3P7Cl6,-8.125108,7.497081e-09
Li3S7Br6F4O,-8.1368,7.2979383e-09
Li3Al4Cl3O3,-8.145921,7.146267e-09
Li2Si3Si2,-8.14738,7.122298e-09
Li3O3Al7,-8.15035,7.073761e-09
LiAl5Br6Si3,-8.150809,7.066278e-09
Li3O4P7,-8.153171,7.027962e-09
Li3La7La3Cl6,-8.185396,6.52535e-09
Li4Cl6BrN6,-8.208493,6.1873795e-09
Li3NN2,-8.218065,6.052499e-09
Li7N6Al4,-8.220557,6.0178698e-09
LiN2Si4La5N7,-8.222924,5.98516e-09
LiLa3P5,-8.2259865,5.9431065e-09
Li2Al4S7P,-8.226271,5.939219e-09
Li6Cl6La7,-8.230637,5.8798113e-09
Li6P7O4,-8.232719,5.85168e-09
Li6La7P3,-8.234328,5.8300427e-09
Li7O5N2Al,-8.236954,5.794904e-09
LiNAl,-8.249467,5.63032e-09
LiGe2O3La6N2,-8.250447,5.6176246e-09
Li7La3P,-8.2518635,5.599336e-09
LiSi4Cl3,-8.260349,5.4909908e-09
Li4Zr2F5P7,-8.26134,5.4784772e-09
LiP3O2,-8.262214,5.4674687e-09
Li4Br2Al5P5F4,-8.262414,5.464948e-09
Li2GeBr2F2,-8.27325,5.330284e-09
Li2S3Al7La7,-8.275194,5.3064713e-09
LiSi3Si,-8.288434,5.14714e-09
LiAl3F3Ge6Br,-8.29129,5.1133995e-09
Li2N3P2,-8.299066,5.022667e-09
Li4Cl7P2N7,-8.311486,4.8810556e-09
Li2N3P6,-8.313955,4.8533844e-09
Li2La7F3S7N2,-8.318578,4.802001e-09
LiZrClF6,-8.318826,4.79926e-09
LiP3Si2,-8.32019,4.784203e-09
Li7La6Cl6La6,-8.334484,4.6293063e-09
Li7S3N7La6,-8.334568,4.6284114e-09
Li3P2Al7F2Cl5,-8.339602,4.575068e-09
Li4F3Br4Cl4,-8.34677,4.500178e-09
Li2PAl3Si5S6,-8.355093,4.414759e-09
Li6O3P4,-8.362633,4.338776e-09
Li2ZrO2,-8.36301,4.335005e-09
Li6Cl5La7La6,-8.366586,4.2994635e-09
Li6N5Al,-8.37111,4.2549066e-09
Li6AlN5,-8.37111,4.2549066e-09
LiFZr,-8.377089,4.196734e-09
Li3PF2Cl2,-8.388561,4.087321e-09
LiCl5Al7,-8.389088,4.0823696e-09
Li2S6O3La6,-8.39272,4.048366e-09
Li2P5Al5,-8.3935175,4.040941e-09
LiZrCl3F3,-8.408213,3.9064956e-09
Li2O6La7P7Si2,-8.412999,3.8636774e-09
Li4La3Si2,-8.422748,3.7779166e-09
LiZrBr6Si7N7,-8.423355,3.772636e-09
Li2ZrF6P5N6,-8.424182,3.7654604e-09
Li5O5La6Ge,-8.427155,3.7397747e-09
Li2Al7Cl6,-8.437201,3.65426e-09
Li2N4Cl7,-8.440655,3.6253107e-09
Li7La5P2,-8.441406,3.619043e-09
Li4Br5P2F4,-8.4604,3.4641794e-09
Li7Cl2F2O4,-8.465652,3.422532e-09
Li6Br7O6,-8.465685,3.4222767e-09
Li3O6S5Ge2N,-8.4687,3.3985963e-09
LiP5NO,-8.500236,3.160563e-09
Li4S4La7Al5,-8.505198,3.1246579e-09
Li2LaF4N6Si6,-8.510427,3.0872551e-09
Li6Cl3La5N,-8.514608,3.057677e-09
LiS4BrS5,-8.53465,2.9197802e-09
Li4N4Si3La7Si,-8.536977,2.9041778e-09
Li5La7O7Ge,-8.53923,2.8891471e-09
Li5O5Br7Cl2,-8.543785,2.859005e-09
Li4O5P7,-8.547654,2.8336478e-09
LiS2O2,-8.550087,2.8178186e-09
LiAl6S5P3,-8.550358,2.8160618e-09
Li2S4P5,-8.57947,2.6334819e-09
Li6Si5F2Cl7Al,-8.579587,2.6327707e-09
Li4Zr5O7,-8.580899,2.6248275e-09
Li3Cl2Zr2F5,-8.589552,2.573049e-09
LiCl3N4,-8.5948,2.5421432e-09
LiP3Cl2,-8.62393,2.3772235e-09
Li7P7O5Cl,-8.627952,2.3553117e-09
Li7S3Al6La7,-8.6284485,2.3526185e-09
LiAl2O2Br3,-8.629779,2.3454227e-09
LiAl5O,-8.631677,2.335196e-09
LiAl3Cl3,-8.633466,2.3255957e-09
LiS2Al7,-8.636375,2.310067e-09
Li3S7P7,-8.647293,2.2527185e-09
Li7N7Cl5La7,-8.661127,2.1820912e-09
Li5F5La3Zr3,-8.666393,2.1557913e-09
LiGe2F,-8.669898,2.138464e-09
Li3ClO6La4N4,-8.670381,2.1360893e-09
Li7P4O7Br,-8.6749735,2.1136182e-09
LiN4Ge2,-8.680448,2.087144e-09
Li5F2Al4La7,-8.681398,2.0825797e-09
Li3O6Ge4SCl7,-8.688283,2.049826e-09
Li7La4P2,-8.691318,2.035553e-09
Li6S2Al5La5,-8.697411,2.0071944e-09
Li4P5Ge5O7N3,-8.708862,1.954959e-09
Li2S5P4,-8.716493,1.9209114e-09
Li3SLaLa,-8.720216,1.904514e-09
Li2S2P7,-8.7243595,1.886429e-09
Li6F5Cl7Al2,-8.729511,1.864184e-09
Li2S3N6Cl,-8.734155,1.8443583e-09
Li7F7SP2,-8.746259,1.7936647e-09
Li2P7Si5,-8.7551,1.7575179e-09
Li4Ge2S6N3F6,-8.7565975,1.7514691e-09
Li5N7F2S3Br4,-8.760577,1.7354927e-09
Li4La2Si,-8.76313,1.7253207e-09
Li7N6La6Cl2,-8.766063,1.7137097e-09
Li7P4F6,-8.77391,1.6830245e-09
Li4P7F4Cl2,-8.774311,1.6814693e-09
LiSi2S4,-8.778654,1.664738e-09
Li2La7Si5,-8.786457,1.6350948e-09
Li4La5Al2,-8.787316,1.631863e-09
Li2AlF,-8.788658,1.6268288e-09
LiSi2La3,-8.79765,1.5934912e-09
Li2O2P3Si3,-8.799976,1.5849795e-09
Li2La4Si3,-8.809782,1.5495941e-09
Li3Al2La5N7,-8.811252,1.5443593e-09
Li6O5Cl5Br4,-8.823653,1.5008828e-09
Li6La5P2,-8.83661,1.4567673e-09
LiSi5N7,-8.837449,1.4539548e-09
Li3Cl5N5N,-8.842138,1.4383406e-09
Li5N6Si3La5La4,-8.842717,1.4364245e-09
LiO2AlGe3,-8.8443575,1.4310094e-09
LiO3N2Ge,-8.850062,1.4123347e-09
Li7La7Ge,-8.853612,1.4008384e-09
LiSi6Si2,-8.855419,1.3950213e-09
Li5SBrO6,-8.857786,1.3874387e-09
Li7N5La5Cl,-8.864751,1.3653662e-09
Li4N3AlLa4,-8.874454,1.3352004e-09
Li3La7Si3,-8.881327,1.3142359e-09
Li6Al3La6N,-8.887244,1.2964501e-09
Li5S7Cl6S7P5,-8.896219,1.2699328e-09
Li5La6Al,-8.906052,1.2415047e-09
Li4Si3N6,-8.908448,1.2346725e-09
Li2S5P6,-8.912006,1.2245982e-09
Li6N2FLa4Cl2,-8.918621,1.2060878e-09
Li3PF3,-8.927795,1.1808768e-09
Li5FLa2,-8.928237,1.1796768e-09
LiO4Si4LaP5,-8.933381,1.1657862e-09
Li2Al7P7,-8.934541,1.1626775e-09
Li2F2Br7N6Al3,-8.938284,1.1526994e-09
Li3P2Ge5Cl5O7,-8.947211,1.1292465e-09
Li4N5P2,-8.961805,1.0919297e-09
LiLa2FCl2,-8.962285,1.0907242e-09
LiSi4Br2S4O4,-8.964626,1.08486e-09
Li6F5Zr2,-8.965008,1.0839075e-09
Li3P2Al5O5Si4,-8.977724,1.0526304e-09
LiO5Cl4,-8.983741,1.0381478e-09
Li5N7Al2,-8.992575,1.0172444e-09
Li4F5ClGe,-9.006755,9.845667e-10
Li6Cl6La7F3,-9.020832,9.531647e-10
Li6Si2La5,-9.039316,9.13448e-10
Li6F5S5,-9.050835,8.895397e-10
Li7S6O6,-9.062947,8.6507296e-10
Li6O7Zr2N2Cl,-9.070409,8.503372e-10
Li2La3Ge2F7,-9.072693,8.458768e-10
Li2S7N5Si5O4,-9.073914,8.435026e-10
Li6Zr2O7,-9.076342,8.387999e-10
Li4N2Si4La7La7,-9.080657,8.3050644e-10
Li4La5La3N2,-9.084311,8.2354906e-10
Li4ClLa7F4P6,-9.086682,8.190637e-10
LiLa2O6Cl6N2,-9.094615,8.042388e-10
LiF2P5,-9.100074,7.941932e-10
Li5N6Cl7,-9.102482,7.898019e-10
Li4S3La6N6,-9.108203,7.794658e-10
Li3S3FP7Cl5,-9.110456,7.7543166e-10
LiCl2Br4N5,-9.120948,7.569238e-10
LiBr4O4F7,-9.124021,7.515873e-10
Li5La3OCl2,-9.139044,7.2603273e-10
Li3Al2N3,-9.139841,7.247011e-10
LiN5O6La5Cl2,-9.147776,7.11581e-10
Li2P5P4,-9.151118,7.061252e-10
Li4O6Si4LaCl5,-9.152577,7.037568e-10
Li6F7Cl4La5,-9.155138,6.9961964e-10
LiS6Si4,-9.170764,6.748947e-10
LiO4Br3P7N3,-9.172895,6.7159056e-10
LiAlS6O3,-9.173615,6.70478e-10
Li3Cl7S7Cl5P4,-9.186465,6.509307e-10
Li6Ge6F6Al,-9.186881,6.5030775e-10
Li3Cl4N3F6,-9.188167,6.483856e-10
Li2P7Si2,-9.193618,6.4029804e-10
Li2F7Cl5,-9.204745,6.2410077e-10
Li2Cl5F7,-9.204745,6.2410077e-10
LiSi6Cl5,-9.222265,5.9942484e-10
Li3Br4S2O4,-9.247102,5.661066e-10
LiBr6F4Cl5,-9.259014,5.507898e-10
LiCl4P3N5,-9.25909,5.5069305e-10
Li2S2Cl3P3P7,-9.259994,5.49549e-10
LiLa7F3Zr3,-9.260321,5.491353e-10
Li3Cl4N7,-9.277862,5.273979e-10
Li2Cl6O5,-9.282026,5.2236454e-10
Li2SiO4F5Ge,-9.292069,5.1042337e-10
Li5Si2O4Al,-9.292907,5.094402e-10
Li4N3Ge6O5S,-9.293951,5.0821675e-10
LiSi6S6,-9.299748,5.0147764e-10
Li4N6Br5,-9.305252,4.951627e-10
Li4O5S3P3,-9.307733,4.923426e-10
Li7F5O2,-9.318147,4.8067694e-10
Li2Si4Ge2OF2,-9.327391,4.705539e-10
Li3Br2Cl7Cl5,-9.348353,4.483804e-10
Li7Cl2La6,-9.358445,4.380814e-10
Li2N5Br6Cl5,-9.373272,4.2337778e-10
LiF6Zr2,-9.380269,4.1661122e-10
Li3F4Zr,-9.403405,3.9499792e-10
LiN3Si2Si7Cl7,-9.407488,3.9130205e-10
LiNCl,-9.413439,3.859768e-10
Li3N3O,-9.41573,3.8394546e-10
LiO5Cl6,-9.417537,3.823519e-10
Li2P5Cl3Cl5,-9.4466715,3.575432e-10
LiF2Zr,-9.448781,3.558107e-10
LiZrF2,-9.448781,3.558107e-10
Li2Br7O2Cl6,-9.449278,3.5540385e-10
LiP4S2Cl6,-9.458439,3.4798547e-10
Li2SSi2O3Cl3,-9.4632845,3.4412442e-10
Li2N6N3,-9.46519,3.426179e-10
LiCl7Al5S7N3,-9.466785,3.4136152e-10
Li6La6P,-9.484712,3.2755812e-10
LiO3Cl3Br6,-9.493193,3.2122352e-10
Li7N6N4,-9.495846,3.1926714e-10
LiF3Br2Cl3O4,-9.499696,3.1644937e-10
Li3Cl2Al7S2O6,-9.515492,3.051459e-10
Li7N6F5,-9.524721,2.9873e-10
Li2N3Al,-9.537986,2.8974384e-10
Li2O2La7N5,-9.543284,2.862303e-10
Li4O7Br3Cl3,-9.543821,2.8587663e-10
Li2S7Cl6,-9.560277,2.7524727e-10
Li3Al7N2O4,-9.562782,2.7366404e-10
Li2SN6,-9.563347,2.733085e-10
Li2N2SiLa7N7,-9.584276,2.6044966e-10
Li5Cl3F5Ge4P7,-9.58683,2.5892255e-10
LiCl3S3,-9.634071,2.3223552e-10
Li2O6La7,-9.650446,2.2364235e-10
Li3N6La7,-9.6508665,2.2342589e-10
Li7Cl3SF6P2,-9.653273,2.2219146e-10
LiP6Cl5,-9.653302,2.2217633e-10
LiCl3P6O4,-9.658864,2.1934916e-10
Li2O2Cl3,-9.663636,2.1695207e-10
Li4N6Cl,-9.667007,2.1527448e-10
Li3La6N4Cl,-9.681922,2.0800704e-10
Li7ClS3Ge6F6,-9.687424,2.0538858e-10
Li6F3La4Cl2,-9.690223,2.0406911e-10
Li2ON2,-9.691406,2.0351375e-10
Li6Br7O7,-9.706737,1.9645516e-10
LiF7Cl6,-9.720731,1.9022571e-10
LiP3O3Cl3,-9.741248,1.8144787e-10
Li6N5Cl5,-9.749225,1.7814569e-10
Li2Cl5SN6P7,-9.750155,1.777643e-10
LiS6ClCl4P5,-9.752272,1.7690022e-10
Li2O7AlLa3,-9.753398,1.7644204e-10
Li2La5N6F7,-9.75813,1.7452993e-10
Li2Br2F3Cl7,-9.787163,1.63244e-10
Li3F6PBr6O5,-9.799524,1.5866301e-10
Li4F6Si7O7Zr5,-9.805417,1.5652472e-10
LiN5S3,-9.808045,1.555803e-10
Li5La7N6,-9.816308,1.526483e-10
LiP2S3,-9.816984,1.5241083e-10
LiN2La3,-9.817071,1.5238037e-10
LiCl4S3,-9.819081,1.5167664e-10
Li3La5N4,-9.82202,1.5065392e-10
Li4F6La3,-9.832348,1.4711336e-10
Li7F7P5Al7,-9.832602,1.4702746e-10
Li6LaCl5O6N5,-9.835279,1.4612365e-10
Li5Br4N6Cl,-9.836382,1.457532e-10
Li2ClBr3F2,-9.847686,1.4200845e-10
Li5N6Cl5,-9.880512,1.3167029e-10
LiCl2S2OP6,-9.882096,1.311909e-10
LiCl7P4N4,-9.882578,1.310455e-10
Li4O4Cl7,-9.88619,1.2995996e-10
Li2Cl5La2F4O5,-9.894371,1.2753487e-10
Li6N5La7O5,-9.902876,1.2506163e-10
LiCl3S3Ge5F6,-9.905712,1.2424756e-10
Li7N2F6,-9.907542,1.2372509e-10
LiS7Cl4AlP6,-9.908179,1.2354373e-10
LiN4N3,-9.912641,1.2228113e-10
Li7OAl2La6F7,-9.918879,1.205373e-10
Li3Cl2N3,-9.946801,1.1303133e-10
Li5Cl5N7,-9.951152,1.1190465e-10
Li2N2N3,-9.95551,1.1078727e-10
Li4N3N7,-9.95551,1.1078727e-10
Li2N4S,-9.959201,1.0984977e-10
Li3N4Cl3,-9.974123,1.0613949e-10
Li5F6S4N3Ge4,-9.996227,1.0087249e-10
LiBr2O2Cl3,-10.013451,9.695035e-11
Li2La2F,-10.0144415,9.67294e-11
Li3O3La3Cl,-10.028965,9.354811e-11
Li3Cl5O4F4,-10.044891,9.017967e-11
LiCl2S5,-10.049885,8.914874e-11
LiClN4,-10.053719,8.836523e-11
Li2O3Br7,-10.066711,8.576075e-11
Li7S5F7,-10.072924,8.454274e-11
LiN3F2Si4Al,-10.073691,8.439343e-11
LiO2Cl6,-10.0889015,8.1488906e-11
Li6O4F2N,-10.094271,8.048766e-11
Li3F3S2,-10.095239,8.030846e-11
Li2O6P7,-10.095548,8.025135e-11
Li2Si6F5Al7,-10.098495,7.9708656e-11
Li3Si4GeO4,-10.099037,7.960912e-11
LiN5O2,-10.100764,7.929316e-11
LiO3ClPGe2,-10.110085,7.7609606e-11
Li3F5BrGe,-10.119983,7.5860776e-11
Li5Ge5O7Si4,-10.121195,7.564934e-11
Li7F6Cl5,-10.141278,7.223069e-11
Li5N7P2,-10.1416445,7.2169805e-11
LiO3P4,-10.144763,7.165343e-11
LiSiP5F7,-10.161862,6.8887056e-11
Li6F5La7Cl3,-10.1627245,6.875044e-11
LiLa6O6,-10.169789,6.76411e-11
LiBr5O2,-10.1743145,6.693997e-11
Li5AlP4N5O3,-10.180454,6.6000275e-11
LiCl5F6S4,-10.180493,6.5994335e-11
LiCl2F,-10.184283,6.542093e-11
Li2F4S6P7,-10.185968,6.516758e-11
LiP6O4Cl7S6,-10.187799,6.48934e-11
LiP2N2,-10.193691,6.401898e-11
Li7O7F,-10.197992,6.338809e-11
Li2F6Al4Ge2P7,-10.197993,6.3387955e-11
Li3Cl3F4N4,-10.200276,6.3055595e-11
Li4F6P7Si4Ge5,-10.207043,6.20808e-11
Li5Ge5F7Cl5P2,-10.218838,6.0417435e-11
LiCl6Br,-10.226871,5.931021e-11
Li3F2Cl7,-10.237195,5.7916855e-11
Li5F6La6,-10.248378,5.6444575e-11
LiF6ClLa6,-10.254716,5.5626802e-11
Li3F5La4N3,-10.255262,5.555685e-11
Li6Cl6F5,-10.269236,5.3797786e-11
Li4N3N6,-10.293465,5.087862e-11
Li5BrF6,-10.29717,5.0446414e-11
Li3N7P4SiO4,-10.299782,5.014391e-11
LiP7N,-10.307929,4.9211992e-11
Li7Al3F5N7,-10.327692,4.7022743e-11
Li3Cl5F6,-10.346773,4.5001485e-11
Li7O4F5,-10.35192,4.4471305e-11
LiS5P7,-10.3596525,4.3686523e-11
Li4ClF6N5,-10.3693075,4.2726024e-11
Li5SP7F7,-10.374932,4.2176224e-11
Li4Cl4F3,-10.390909,4.0652832e-11
Li2Br4F7,-10.416579,3.831958e-11
Li3O7La6Cl4,-10.422261,3.7821503e-11
Li7P5F6Si6,-10.435575,3.6679673e-11
Li3Br3Si7O6P3,-10.45746,3.487704e-11
LiBr2O4,-10.458962,3.475662e-11
LiF5Br4Cl4,-10.463453,3.439907e-11
LiSPON6,-10.473813,3.3588216e-11
Li4F7Si,-10.476782,3.3359395e-11
LiAl5S7N4F6,-10.493714,3.208379e-11
LiCl4S7O5P5,-10.495494,3.1952593e-11
LiO5SP2,-10.5189295,3.027405e-11
Li2S3F5La4,-10.530531,2.9476036e-11
LiO2FLa3,-10.534448,2.9211397e-11
Li2N7F6,-10.544936,2.8514373e-11
LiS6Br7O7,-10.54841,2.8287175e-11
Li7F7Al5,-10.554479,2.7894678e-11
Li4Cl6F7,-10.554869,2.7869637e-11
Li7O6P6,-10.565767,2.7178952e-11
Li2F7La5Al4,-10.566932,2.7106177e-11
Li6O7La6,-10.5705595,2.6880696e-11
Li3Br5O5Cl,-10.577101,2.6478857e-11
LiP2P6,-10.597401,2.5269656e-11
LiS6P6,-10.615883,2.4216821e-11
Li7F2O7,-10.618737,2.405818e-11
Li2Br7F6O6,-10.63338,2.3260555e-11
LiFCl5,-10.633547,2.3251618e-11
LiP4P5,-10.672024,2.1280226e-11
Li6P6F5,-10.70062,1.9924173e-11
Li2ClO2,-10.703853,1.9776404e-11
Li3N7P3,-10.711881,1.9414192e-11
LiO5P7,-10.712914,1.9368033e-11
LiS6F4Al5,-10.747835,1.7871657e-11
Li2F3Al3P2,-10.752091,1.7697364e-11
Li5ZrN4O7,-10.752262,1.769041e-11
Li4Cl3F4,-10.753086,1.7656878e-11
LiBr7O6Cl5,-10.757476,1.7479304e-11
Li3SiF4,-10.759271,1.7407216e-11
LiN3P,-10.7594795,1.7398848e-11
LiF2GeS,-10.77579,1.675752e-11
Li7O7NAl4,-10.788492,1.6274506e-11
Li4S5F5O2,-10.804222,1.56956e-11
Li2OP5N5,-10.822811,1.5037959e-11
Li7S2Cl6F7,-10.850214,1.41184165e-11
Li6Br2F7Si6,-10.877626,1.3254812e-11
Li4Si6Cl6F5,-10.890603,1.2864619e-11
Li5O7P6,-10.89108,1.2850502e-11
LiGe6O5,-10.894904,1.2737842e-11
LiO7Cl2,-10.896434,1.2693055e-11
Li6F7Br3P7N6,-10.903699,1.24824855e-11
Li4N5O3,-10.913612,1.2200781e-11
LiGeF3,-10.915437,1.21496355e-11
LiGe4F2,-10.945808,1.1329e-11
Li7O7F2Si2Ge7,-10.958447,1.100405e-11
Li4F4O6Zr3,-10.963744,1.0870658e-11
Li3F7Br,-10.978703,1.0502615e-11
Li3O7Ge7SCl3,-10.987192,1.0299303e-11
LiN7SP6,-10.996328,1.0084901e-11
LiF4O,-11.048168,8.950181e-12
Li5Si3F4N3,-11.059071,8.728295e-12
LiSi7O5,-11.086719,8.189954e-12
Li4P3Cl3Ge7F7,-11.091068,8.108336e-12
LiClF5Ge7P4,-11.092207,8.087104e-12
LiO4P2F6,-11.10135,7.918632e-12
LiCl2O4N2,-11.11107,7.743375e-12
Li4Al4F4O,-11.114226,7.687297e-12
LiPO,-11.177944,6.6382837e-12
Li3LaF2O7P,-11.23596,5.808179e-12
Li4N6F3,-11.238175,5.7786263e-12
LiP3S7,-11.260455,5.4896526e-12
LiS7P3,-11.260455,5.4896526e-12
Li5F2S2N6,-11.269284,5.379176e-12
LiP3N7,-11.294091,5.080527e-12
Li5F3Ge7O4Si3,-11.3154125,4.837127e-12
Li3F4Br6,-11.315787,4.8329543e-12
Li4ClN5O5S3,-11.357258,4.3928073e-12
LiAlF7,-11.35785,4.386821e-12
Li2F6P2Ge3,-11.363624,4.3288884e-12
Li4O7La4,-11.364051,4.324632e-12
Li5F2N6O2,-11.466999,3.4119365e-12
Li6N7O7,-11.468868,3.397283e-12
LiN2Al3F3,-11.489138,3.2423684e-12
LiP2Cl6Cl5,-11.491753,3.2229041e-12
Li4F5Br6,-11.504457,3.129987e-12
Li4Br4F5,-11.531813,2.9389171e-12
Li5N7F6,-11.570475,2.688595e-12
Li5O3F3P2,-11.577796,2.6436503e-12
LiPCl7,-11.610703,2.450736e-12
Li4N5Si4F6,-11.616235,2.4197207e-12
Li5P3N4F6Al4,-11.676989,2.1038336e-12
Li7PO7Cl4,-11.750636,1.7756767e-12
LiF6P5N6,-11.752799,1.7668552e-12
LiS3P4Al5F6,-11.811226,1.5444509e-12
Li4SAl7F6O2,-11.828525,1.4841418e-12
Li3N3F4O,-11.882287,1.311333e-12
Li4Si6F5,-11.9179,1.2080918e-12
Li3NPF3,-11.956753,1.1047073e-12
Li5F7Al6N6,-11.96064,1.0948637e-12
Li4F7N2Ge4,-11.971494,1.0678403e-12
Li5F5O4,-11.988737,1.0262729e-12
Li4O7Al3,-12.011344,9.742178e-13
Li5NSi2O7Cl3,-12.03034,9.325236e-13
LiSi5O6,-12.045464,9.0060934e-13
Li4O5S2,-12.083075,8.2589615e-13
Li3F7Ge6,-12.126198,7.478288e-13
Li2ClGe4O4,-12.13355,7.352759e-13
Li4F6Si4P3,-12.169325,6.771348e-13
Li7F3O6N7,-12.284898,5.1892214e-13
Li6N5O7,-12.287049,5.1635774e-13
Li6O7N5,-12.287049,5.1635774e-13
LiSi5F2O7N,-12.292813,5.0954987e-13
Li5F3N4P2,-12.468965,3.3965297e-13
Li2OGe5F6,-12.536504,2.9073426e-13
Li2SiO3,-12.548931,2.825328e-13
Li4Ge4O7F,-12.57692,2.6489908e-13
LiO4P7Si5,-12.596099,2.5345513e-13
Li2F4P,-12.638448,2.2990702e-13
LiGe4Si2F4,-12.682949,2.0751569e-13
Li6O6Al6N7F5,-12.693679,2.0245157e-13
Li2OF5,-12.711012,1.9453068e-13
Li2F5O7Al2,-12.85137,1.4080891e-13
LiSi4F6O,-12.954297,1.1109715e-13
Li2Si7S3F7Al2,-12.977587,1.0529633e-13
Li6P2Al4O7F4,-12.977983,1.0520019e-13
LiF2OSi4,-13.01783,9.597765e-14
Li2O4F7Si3,-13.046697,8.9805584e-14
Li2P2O6Si,-13.1037245,7.875453e-14
Li5F6P5,-13.250699,5.6143692e-14
Li4O7S,-13.770589,1.6959426e-14
Li5N6F3P4O2,-13.772877,1.6870318e-14
LiO3Ge2,-13.819543,1.5151553e-14
Li2PF3,-13.850267,1.4116681e-14
Li2F3P,-13.850267,1.4116681e-14
Li4O6P,-13.885253,1.3024079e-14
Li5F5O7Al4P7,-14.133233,7.358121e-15
Li4NO5P4,-14.83894,1.4489731e-15
